run,word,seed,batch,step,train_reward,solved_all,is_trainable,zero_advantage_filtered,eval_reward
r1-forgotten-s0,forgotten,0,1,1,0.1640625,0.0,0.6875,0.3046875,0.25
r1-forgotten-s0,forgotten,0,1,2,0.234375,0.0,0.6875,0.3125,
r1-forgotten-s0,forgotten,0,1,3,0.28125,0.0,0.75,0.234375,
r1-forgotten-s0,forgotten,0,1,4,0.3046875,0.0,0.8125,0.1875,
r1-forgotten-s0,forgotten,0,1,5,0.3515625,0.0625,0.75,0.2265625,0.46484375
r1-forgotten-s0,forgotten,0,1,6,0.3359375,0.0,0.75,0.25,
r1-forgotten-s0,forgotten,0,1,7,0.375,0.0,0.8125,0.1875,
r1-forgotten-s0,forgotten,0,1,8,0.5,0.0625,0.8125,0.1875,
r1-forgotten-s0,forgotten,0,1,9,0.578125,0.1875,0.6875,0.2890625,
r1-forgotten-s0,forgotten,0,1,10,0.640625,0.0625,0.875,0.1171875,0.8359375
r1-forgotten-s0,forgotten,0,1,11,0.765625,0.375,0.625,0.375,
r1-forgotten-s0,forgotten,0,1,12,0.7734375,0.5625,0.3125,0.640625,
r1-forgotten-s0,forgotten,0,1,13,0.9765625,0.9375,0.0625,0.875,
r1-forgotten-s0,forgotten,0,1,14,1.0,1.0,0.0,0.9296875,
r1-forgotten-s0,forgotten,0,1,15,0.9921875,0.9375,0.0625,0.8984375,0.97265625
r1-forgotten-s0,forgotten,0,1,16,0.96875,0.875,0.125,0.84375,
r1-forgotten-s0,forgotten,0,1,17,1.0,1.0,0.0,0.9609375,
r1-forgotten-s0,forgotten,0,1,18,1.0,1.0,0.0,0.9296875,
r1-forgotten-s0,forgotten,0,1,19,1.0,1.0,0.0,0.9296875,
r1-forgotten-s0,forgotten,0,1,20,1.0,1.0,0.0,0.9375,1.0
r1-forgotten-s0,forgotten,0,1,21,1.0,1.0,0.0,0.9609375,
r1-forgotten-s0,forgotten,0,1,22,1.0,1.0,0.0,0.9453125,
r1-forgotten-s0,forgotten,0,1,23,1.0,1.0,0.0,0.9765625,
r1-forgotten-s0,forgotten,0,1,24,1.0,1.0,0.0,0.9609375,
r1-forgotten-s0,forgotten,0,1,25,1.0,1.0,0.0,0.9765625,1.0
r1-forgotten-s0,forgotten,0,1,26,1.0,1.0,0.0,0.96875,
r1-forgotten-s0,forgotten,0,1,27,1.0,1.0,0.0,0.9921875,
r1-forgotten-s0,forgotten,0,1,28,1.0,1.0,0.0,0.9921875,
r1-forgotten-s0,forgotten,0,1,29,1.0,1.0,0.0,0.9453125,
r1-forgotten-s0,forgotten,0,1,30,1.0,1.0,0.0,0.9609375,0.9609375
r1-forgotten-s0,forgotten,0,1,31,1.0,1.0,0.0,0.96875,
r1-forgotten-s0,forgotten,0,1,32,1.0,1.0,0.0,0.9453125,
r1-forgotten-s0,forgotten,0,1,33,1.0,1.0,0.0,0.9921875,
r1-forgotten-s0,forgotten,0,1,34,1.0,1.0,0.0,0.984375,
r1-forgotten-s0,forgotten,0,1,35,1.0,1.0,0.0,0.984375,1.0
r1-forgotten-s0,forgotten,0,1,36,1.0,1.0,0.0,0.984375,
r1-forgotten-s0,forgotten,0,1,37,1.0,1.0,0.0,0.9765625,
r1-forgotten-s0,forgotten,0,1,38,1.0,1.0,0.0,0.9921875,
r1-forgotten-s0,forgotten,0,1,39,1.0,1.0,0.0,0.984375,
r1-forgotten-s0,forgotten,0,1,40,1.0,1.0,0.0,0.9765625,1.0
r1-forgotten-s0,forgotten,0,1,41,1.0,1.0,0.0,0.9765625,
r1-forgotten-s0,forgotten,0,1,42,1.0,1.0,0.0,0.96875,
r1-forgotten-s0,forgotten,0,1,43,1.0,1.0,0.0,0.984375,
r1-forgotten-s0,forgotten,0,1,44,1.0,1.0,0.0,0.9765625,
r1-forgotten-s0,forgotten,0,1,45,1.0,1.0,0.0,0.98828125,1.0
r1-forgotten-s0,forgotten,0,1,46,1.0,1.0,0.0,0.96875,
r1-forgotten-s0,forgotten,0,1,47,0.9926470588235294,0.9411764705882353,0.0,0.9264705882352942,
r1-forgotten-s0,forgotten,0,1,48,1.0,1.0,0.0,0.9296875,
r1-forgotten-s0,forgotten,0,1,49,1.0,1.0,0.0,0.9140625,
r1-forgotten-s0,forgotten,0,1,50,1.0,1.0,0.0,0.9296875,1.0
r1-forgotten-s0,forgotten,0,1,51,1.0,1.0,0.0,0.9296875,
r1-forgotten-s0,forgotten,0,1,52,1.0,1.0,0.0,0.9375,
r1-forgotten-s0,forgotten,0,1,53,1.0,1.0,0.0,0.9375,
r1-forgotten-s0,forgotten,0,1,54,1.0,1.0,0.0,0.9296875,
r1-forgotten-s0,forgotten,0,1,55,1.0,1.0,0.0,0.921875,1.0
r1-forgotten-s0,forgotten,0,1,56,1.0,1.0,0.0,0.9453125,
r1-forgotten-s0,forgotten,0,1,57,1.0,1.0,0.0,0.90625,
r1-forgotten-s0,forgotten,0,1,58,1.0,1.0,0.0,0.9296875,
r1-forgotten-s0,forgotten,0,1,59,1.0,1.0,0.0,0.9140625,
r1-forgotten-s0,forgotten,0,1,60,1.0,1.0,0.0,0.9375,0.99609375
r1-forgotten-s0,forgotten,0,1,61,1.0,1.0,0.0,0.9296875,
r1-forgotten-s0,forgotten,0,1,62,1.0,1.0,0.0,0.9140625,
r1-forgotten-s0,forgotten,0,1,63,0.9921875,0.9375,0.0,0.9375,
r1-forgotten-s0,forgotten,0,1,64,0.9609375,0.875,0.0,0.9375,
r1-forgotten-s0,forgotten,0,1,65,1.0,1.0,0.0,0.96875,1.0
r1-forgotten-s0,forgotten,0,1,66,1.0,1.0,0.0,0.984375,
r1-forgotten-s0,forgotten,0,1,67,1.0,1.0,0.0,0.98828125,
r1-forgotten-s0,forgotten,0,1,68,1.0,1.0,0.0,0.9765625,
r1-forgotten-s0,forgotten,0,1,69,1.0,1.0,0.0,0.96875,
r1-forgotten-s0,forgotten,0,1,70,1.0,1.0,0.0,0.9765625,1.0
r1-forgotten-s0,forgotten,0,1,71,1.0,1.0,0.0,0.9765625,
r1-forgotten-s0,forgotten,0,1,72,1.0,1.0,0.0,0.984375,
r1-forgotten-s0,forgotten,0,1,73,1.0,1.0,0.0,0.984375,
r1-forgotten-s0,forgotten,0,1,74,1.0,1.0,0.0,0.9765625,
r1-forgotten-s0,forgotten,0,1,75,1.0,1.0,0.0,0.9765625,1.0
r1-forgotten-s0,forgotten,0,1,76,1.0,1.0,0.0,0.9765625,
r1-forgotten-s0,forgotten,0,1,77,1.0,1.0,0.0,0.9453125,
r1-forgotten-s0,forgotten,0,1,78,1.0,1.0,0.0,0.96875,
r1-forgotten-s0,forgotten,0,1,79,1.0,1.0,0.0,0.9765625,
r1-forgotten-s0,forgotten,0,1,80,1.0,1.0,0.0,0.9765625,1.0
r1-forgotten-s0,forgotten,0,1,81,1.0,1.0,0.0,0.984375,
r1-forgotten-s0,forgotten,0,1,82,1.0,1.0,0.0,0.984375,
r1-forgotten-s0,forgotten,0,1,83,1.0,1.0,0.0,0.9765625,
r1-forgotten-s0,forgotten,0,1,84,1.0,1.0,0.0,0.96875,
r1-forgotten-s0,forgotten,0,1,85,1.0,1.0,0.0,0.984375,1.0
r1-forgotten-s0,forgotten,0,1,86,1.0,1.0,0.0,0.9765625,
r1-forgotten-s0,forgotten,0,1,87,1.0,1.0,0.0,0.9609375,
r1-forgotten-s0,forgotten,0,1,88,1.0,1.0,0.0,0.9609375,
r1-forgotten-s0,forgotten,0,1,89,1.0,1.0,0.0,0.984375,
r1-forgotten-s0,forgotten,0,1,90,1.0,1.0,0.0,0.96875,1.0
r1-forgotten-s0,forgotten,0,1,91,1.0,1.0,0.0,0.96875,
r1-forgotten-s0,forgotten,0,1,92,1.0,1.0,0.0,0.96875,
r1-forgotten-s0,forgotten,0,1,93,1.0,1.0,0.0,0.9609375,
r1-forgotten-s0,forgotten,0,1,94,1.0,1.0,0.0,0.984375,
r1-forgotten-s0,forgotten,0,1,95,1.0,1.0,0.0,0.984375,1.0
r1-forgotten-s0,forgotten,0,1,96,1.0,1.0,0.0,0.953125,
r1-forgotten-s0,forgotten,0,1,97,1.0,1.0,0.0,0.9765625,
r1-forgotten-s0,forgotten,0,1,98,1.0,1.0,0.0,0.96875,
r1-forgotten-s0,forgotten,0,1,99,1.0,1.0,0.0,0.9765625,
r1-forgotten-s0,forgotten,0,1,100,1.0,1.0,0.0,0.96875,1.0
r1-midnight-s0,midnight,0,1,1,0.0,0.0,0.0,0.9609375,0.00390625
r1-midnight-s0,midnight,0,1,2,0.0078125,0.0,0.0625,0.890625,
r1-midnight-s0,midnight,0,1,3,0.0,0.0,0.0,0.9453125,
r1-midnight-s0,midnight,0,1,4,0.0078125,0.0,0.0625,0.8671875,
r1-midnight-s0,midnight,0,1,5,0.015625,0.0,0.125,0.8046875,0.0078125
r1-midnight-s0,midnight,0,1,6,0.0234375,0.0,0.1875,0.7890625,
r1-midnight-s0,midnight,0,1,7,0.0234375,0.0,0.1875,0.7890625,
r1-midnight-s0,midnight,0,1,8,0.0,0.0,0.0,0.9609375,
r1-midnight-s0,midnight,0,1,9,0.0078125,0.0,0.0625,0.8671875,
r1-midnight-s0,midnight,0,1,10,0.0234375,0.0,0.1875,0.734375,0.01953125
r1-midnight-s0,midnight,0,1,11,0.03125,0.0,0.25,0.703125,
r1-midnight-s0,midnight,0,1,12,0.0234375,0.0,0.1875,0.765625,
r1-midnight-s0,midnight,0,1,13,0.03125,0.0,0.25,0.6875,
r1-midnight-s0,midnight,0,1,14,0.015625,0.0,0.125,0.8125,
r1-midnight-s0,midnight,0,1,15,0.0546875,0.0,0.375,0.5234375,0.01171875
r1-midnight-s0,midnight,0,1,16,0.0234375,0.0,0.1875,0.6640625,
r1-midnight-s0,midnight,0,1,17,0.015625,0.0,0.125,0.6875,
r1-midnight-s0,midnight,0,1,18,0.0546875,0.0,0.375,0.4453125,
r1-midnight-s0,midnight,0,1,19,0.046875,0.0,0.25,0.5703125,
r1-midnight-s0,midnight,0,1,20,0.0546875,0.0,0.375,0.3671875,0.046875
r1-midnight-s0,midnight,0,1,21,0.09375,0.0,0.5625,0.296875,
r1-midnight-s0,midnight,0,1,22,0.0390625,0.0,0.25,0.5,
r1-midnight-s0,midnight,0,1,23,0.03125,0.0,0.1875,0.515625,
r1-midnight-s0,midnight,0,1,24,0.1328125,0.0,0.6875,0.2109375,
r1-midnight-s0,midnight,0,1,25,0.1484375,0.0,0.625,0.2421875,0.09375
r1-midnight-s0,midnight,0,1,26,0.21875,0.0,0.6875,0.15625,
r1-midnight-s0,midnight,0,1,27,0.265625,0.0,0.875,0.078125,
r1-midnight-s0,midnight,0,1,28,0.3203125,0.0,0.875,0.0703125,
r1-midnight-s0,midnight,0,1,29,0.3828125,0.0,0.8125,0.15625,
r1-midnight-s0,midnight,0,1,30,0.3671875,0.0,0.875,0.1015625,0.4609375
r1-midnight-s0,midnight,0,1,31,0.59375,0.1875,0.75,0.203125,
r1-midnight-s0,midnight,0,1,32,0.8671875,0.4375,0.5625,0.359375,
r1-midnight-s0,midnight,0,1,33,0.953125,0.6875,0.3125,0.5390625,
r1-midnight-s0,midnight,0,1,34,0.9921875,0.9375,0.0625,0.7578125,
r1-midnight-s0,midnight,0,1,35,0.984375,0.9375,0.0625,0.8125,1.0
r1-midnight-s0,midnight,0,1,36,0.984375,0.9375,0.0625,0.8125,
r1-midnight-s0,midnight,0,1,37,0.9609375,0.9375,0.0625,0.8359375,
r1-midnight-s0,midnight,0,1,38,0.9921875,0.9375,0.0625,0.8203125,
r1-midnight-s0,midnight,0,1,39,1.0,1.0,0.0,0.9609375,
r1-midnight-s0,midnight,0,1,40,1.0,1.0,0.0,0.9990234375,1.0
r1-midnight-s0,midnight,0,1,41,1.0,1.0,0.0,0.9921875,
r1-midnight-s0,midnight,0,1,42,1.0,1.0,0.0,0.9984375,
r1-midnight-s0,midnight,0,1,43,1.0,1.0,0.0,0.99609375,
r1-midnight-s0,midnight,0,1,44,1.0,1.0,0.0,0.9973958333333334,
r1-midnight-s0,midnight,0,1,45,1.0,1.0,0.0,0.998046875,
r1-midnight-s0,midnight,0,1,46,1.0,1.0,0.0,0.9921875,
r1-midnight-s0,midnight,0,1,47,1.0,1.0,0.0,0.998046875,
r1-ocean-s0,ocean,0,1,1,0.0234375,0.0,0.125,0.8203125,0.0234375
r1-ocean-s0,ocean,0,1,2,0.0078125,0.0,0.0625,0.890625,
r1-ocean-s0,ocean,0,1,3,0.015625,0.0,0.125,0.8515625,
r1-ocean-s0,ocean,0,1,4,0.0390625,0.0,0.1875,0.7734375,
r1-ocean-s0,ocean,0,1,5,0.046875,0.0,0.25,0.71875,0.0703125
r1-ocean-s0,ocean,0,1,6,0.03125,0.0,0.1875,0.765625,
r1-ocean-s0,ocean,0,1,7,0.0390625,0.0,0.3125,0.671875,
r1-ocean-s0,ocean,0,1,8,0.03125,0.0,0.125,0.828125,
r1-ocean-s0,ocean,0,1,9,0.015625,0.0,0.0625,0.890625,
r1-ocean-s0,ocean,0,1,10,0.046875,0.0,0.3125,0.640625,0.11328125
r1-ocean-s0,ocean,0,1,11,0.0859375,0.0,0.375,0.6171875,
r1-ocean-s0,ocean,0,1,12,0.0625,0.0,0.25,0.6953125,
r1-ocean-s0,ocean,0,1,13,0.0234375,0.0,0.125,0.828125,
r1-ocean-s0,ocean,0,1,14,0.078125,0.0,0.5,0.5,
r1-ocean-s0,ocean,0,1,15,0.1171875,0.0,0.5625,0.421875,0.265625
r1-ocean-s0,ocean,0,1,16,0.1171875,0.0,0.375,0.609375,
r1-ocean-s0,ocean,0,1,17,0.2265625,0.0,0.625,0.375,
r1-ocean-s0,ocean,0,1,18,0.1484375,0.0,0.5,0.5,
r1-ocean-s0,ocean,0,1,19,0.15625,0.0,0.375,0.609375,
r1-ocean-s0,ocean,0,1,20,0.2890625,0.0625,0.5,0.5,0.453125
r1-ocean-s0,ocean,0,1,21,0.390625,0.0625,0.625,0.3671875,
r1-ocean-s0,ocean,0,1,22,0.3046875,0.0,0.75,0.25,
r1-ocean-s0,ocean,0,1,23,0.5390625,0.125,0.6875,0.3046875,
r1-ocean-s0,ocean,0,1,24,0.796875,0.375,0.625,0.375,
r1-ocean-s0,ocean,0,1,25,0.78125,0.3125,0.6875,0.3125,0.91015625
r1-ocean-s0,ocean,0,1,26,0.9296875,0.625,0.375,0.625,
r1-ocean-s0,ocean,0,1,27,0.96875,0.75,0.25,0.734375,
r1-ocean-s0,ocean,0,1,28,0.9921875,0.9375,0.0625,0.9296875,
r1-ocean-s0,ocean,0,1,29,1.0,1.0,0.0,0.984375,
r1-ocean-s0,ocean,0,1,30,1.0,1.0,0.0,0.9921875,1.0
r1-ocean-s0,ocean,0,1,31,1.0,1.0,0.0,0.9609375,
r1-ocean-s0,ocean,0,1,32,1.0,1.0,0.0,0.9765625,
r1-ocean-s0,ocean,0,1,33,1.0,1.0,0.0,0.9921875,
r1-ocean-s0,ocean,0,1,34,1.0,1.0,0.0,0.984375,
r1-ocean-s0,ocean,0,1,35,1.0,1.0,0.0,0.9609375,1.0
r1-ocean-s0,ocean,0,1,36,1.0,1.0,0.0,0.9921875,
r1-ocean-s0,ocean,0,1,37,1.0,1.0,0.0,0.9765625,
r1-ocean-s0,ocean,0,1,38,1.0,1.0,0.0,0.9921875,
r1-ocean-s0,ocean,0,1,39,1.0,1.0,0.0,0.9921875,
r1-ocean-s0,ocean,0,1,40,1.0,1.0,0.0,0.9921875,1.0
r1-ocean-s0,ocean,0,1,41,1.0,1.0,0.0,0.984375,
r1-ocean-s0,ocean,0,1,42,1.0,1.0,0.0,0.9921875,
r1-ocean-s0,ocean,0,1,43,1.0,1.0,0.0,0.9609375,
r1-ocean-s0,ocean,0,1,44,1.0,1.0,0.0,0.984375,
r1-ocean-s0,ocean,0,1,45,1.0,1.0,0.0,0.9921875,1.0
r1-ocean-s0,ocean,0,1,46,1.0,1.0,0.0,0.984375,
r1-ocean-s0,ocean,0,1,47,1.0,1.0,0.0,0.984375,
r1-ocean-s0,ocean,0,1,48,1.0,1.0,0.0,0.9609375,
r1-ocean-s0,ocean,0,1,49,1.0,1.0,0.0,0.9921875,
r1-ocean-s0,ocean,0,1,50,1.0,1.0,0.0,0.9765625,1.0
r1-ocean-s0,ocean,0,1,51,1.0,1.0,0.0,0.9895833333333334,
r1-ocean-s0,ocean,0,1,52,1.0,1.0,0.0,0.96875,
r1-ocean-s0,ocean,0,1,53,1.0,1.0,0.0,0.9765625,
r1-ocean-s0,ocean,0,1,54,1.0,1.0,0.0,0.96875,
r1-ocean-s0,ocean,0,1,55,1.0,1.0,0.0,0.99609375,1.0
r1-ocean-s0,ocean,0,1,56,1.0,1.0,0.0,0.9921875,
r1-ocean-s0,ocean,0,1,57,1.0,1.0,0.0,0.99609375,
r1-ocean-s0,ocean,0,1,58,1.0,1.0,0.0,0.9921875,
r1-ocean-s0,ocean,0,1,59,1.0,1.0,0.0,0.9921875,
r1-ocean-s0,ocean,0,1,60,1.0,1.0,0.0,0.9765625,1.0
r1-ocean-s0,ocean,0,1,61,1.0,1.0,0.0,0.9921875,
r1-ocean-s0,ocean,0,1,62,1.0,1.0,0.0,0.9973958333333334,
r1-ocean-s0,ocean,0,1,63,0.9926470588235294,0.9411764705882353,0.0,0.9338235294117647,
r1-ocean-s0,ocean,0,1,64,1.0,1.0,0.0,0.9791666666666666,
r1-ocean-s0,ocean,0,1,65,1.0,1.0,0.0,0.9296875,1.0
r1-ocean-s0,ocean,0,1,66,1.0,1.0,0.0,0.9791666666666666,
r1-ocean-s0,ocean,0,1,67,1.0,1.0,0.0,0.921875,
r1-ocean-s0,ocean,0,1,68,1.0,1.0,0.0,0.982421875,
r1-ocean-s0,ocean,0,1,69,1.0,1.0,0.0,0.96484375,
r1-ocean-s0,ocean,0,1,70,1.0,1.0,0.0,0.9375,1.0
r1-ocean-s0,ocean,0,1,71,1.0,1.0,0.0,0.9296875,
r1-ocean-s0,ocean,0,1,72,1.0,1.0,0.0,0.96875,
r1-ocean-s0,ocean,0,1,73,1.0,1.0,0.0,0.982421875,
r1-ocean-s0,ocean,0,1,74,1.0,1.0,0.0,0.96875,
r1-ocean-s0,ocean,0,1,75,1.0,1.0,0.0,0.9609375,1.0
r1-ocean-s0,ocean,0,1,76,0.984375,0.9375,0.0,0.9296875,
r1-ocean-s0,ocean,0,1,77,0.9921875,0.9375,0.0,0.953125,
r1-ocean-s0,ocean,0,1,78,1.0,1.0,0.0,0.953125,
r1-ocean-s0,ocean,0,1,79,1.0,1.0,0.0,0.9375,
r1-ocean-s0,ocean,0,1,80,1.0,1.0,0.0,0.9921875,1.0
r1-ocean-s0,ocean,0,1,81,1.0,1.0,0.0,0.9609375,
r1-ocean-s0,ocean,0,1,82,1.0,1.0,0.0,0.9609375,
r1-ocean-s0,ocean,0,1,83,1.0,1.0,0.0,0.9609375,
r1-ocean-s0,ocean,0,1,84,1.0,1.0,0.0,0.9609375,
r1-ocean-s0,ocean,0,1,85,1.0,1.0,0.0,0.9609375,1.0
r1-ocean-s0,ocean,0,1,86,1.0,1.0,0.0,0.953125,
r1-ocean-s0,ocean,0,1,87,1.0,1.0,0.0,0.98046875,
r1-ocean-s0,ocean,0,1,88,1.0,1.0,0.0,0.9609375,
r1-ocean-s0,ocean,0,1,89,1.0,1.0,0.0,0.9453125,
r1-ocean-s0,ocean,0,1,90,1.0,1.0,0.0,0.984375,1.0
r1-ocean-s0,ocean,0,1,91,1.0,1.0,0.0,0.9869791666666666,
r1-ocean-s0,ocean,0,1,92,1.0,1.0,0.0,0.98046875,
r1-ocean-s0,ocean,0,1,93,1.0,1.0,0.0,0.98828125,
r1-ocean-s0,ocean,0,1,94,1.0,1.0,0.0,0.9869791666666666,
r1-ocean-s0,ocean,0,1,95,1.0,1.0,0.0,0.953125,1.0
r1-ocean-s0,ocean,0,1,96,1.0,1.0,0.0,0.9609375,
r1-ocean-s0,ocean,0,1,97,1.0,1.0,0.0,0.98046875,
r1-ocean-s0,ocean,0,1,98,1.0,1.0,0.0,0.9453125,
r1-ocean-s0,ocean,0,1,99,1.0,1.0,0.0,0.9609375,
r1-ocean-s0,ocean,0,1,100,1.0,1.0,0.0,0.990234375,1.0
r1-forgotten-s1,forgotten,1,1,1,0.28125,0.0,0.875,0.1171875,0.30859375
r1-forgotten-s1,forgotten,1,1,2,0.15625,0.0,0.6875,0.2890625,
r1-forgotten-s1,forgotten,1,1,3,0.2109375,0.0,0.8125,0.1875,
r1-forgotten-s1,forgotten,1,1,4,0.3359375,0.0,0.8125,0.1796875,
r1-forgotten-s1,forgotten,1,1,5,0.2734375,0.0,0.75,0.2421875,0.41015625
r1-forgotten-s1,forgotten,1,1,6,0.3125,0.0,0.8125,0.1875,
r1-forgotten-s1,forgotten,1,1,7,0.34375,0.0625,0.75,0.2421875,
r1-forgotten-s1,forgotten,1,1,8,0.328125,0.0625,0.75,0.25,
r1-forgotten-s1,forgotten,1,1,9,0.390625,0.0625,0.8125,0.171875,
r1-forgotten-s1,forgotten,1,1,10,0.671875,0.25,0.6875,0.3046875,0.484375
r1-forgotten-s1,forgotten,1,1,11,0.7578125,0.5,0.4375,0.5546875,
r1-forgotten-s1,forgotten,1,1,12,0.859375,0.5625,0.4375,0.546875,
r1-forgotten-s1,forgotten,1,1,13,0.8046875,0.6875,0.3125,0.65625,
r1-forgotten-s1,forgotten,1,1,14,0.8828125,0.6875,0.3125,0.6640625,
r1-forgotten-s1,forgotten,1,1,15,0.8046875,0.6875,0.3125,0.640625,0.95703125
r1-forgotten-s1,forgotten,1,1,16,0.9375,0.8125,0.1875,0.7890625,
r1-forgotten-s1,forgotten,1,1,17,0.9765625,0.875,0.125,0.84375,
r1-forgotten-s1,forgotten,1,1,18,0.9765625,0.9375,0.0625,0.9140625,
r1-forgotten-s1,forgotten,1,1,19,1.0,1.0,0.0,0.96875,
r1-forgotten-s1,forgotten,1,1,20,1.0,1.0,0.0,0.9921875,1.0
r1-forgotten-s1,forgotten,1,1,21,1.0,1.0,0.0,0.984375,
r1-forgotten-s1,forgotten,1,1,22,1.0,1.0,0.0,0.953125,
r1-forgotten-s1,forgotten,1,1,23,1.0,1.0,0.0,0.984375,
r1-forgotten-s1,forgotten,1,1,24,1.0,1.0,0.0,0.9765625,
r1-forgotten-s1,forgotten,1,1,25,1.0,1.0,0.0,0.9921875,1.0
r1-forgotten-s1,forgotten,1,1,26,1.0,1.0,0.0,0.9921875,
r1-forgotten-s1,forgotten,1,1,27,1.0,1.0,0.0,0.984375,
r1-forgotten-s1,forgotten,1,1,28,1.0,1.0,0.0,0.9921875,
r1-forgotten-s1,forgotten,1,1,29,1.0,1.0,0.0,0.96875,
r1-forgotten-s1,forgotten,1,1,30,1.0,1.0,0.0,0.9765625,1.0
r1-forgotten-s1,forgotten,1,1,31,1.0,1.0,0.0,0.9921875,
r1-forgotten-s1,forgotten,1,1,32,1.0,1.0,0.0,0.984375,
r1-forgotten-s1,forgotten,1,1,33,1.0,1.0,0.0,0.984375,
r1-forgotten-s1,forgotten,1,1,34,1.0,1.0,0.0,0.99609375,
r1-forgotten-s1,forgotten,1,1,35,1.0,1.0,0.0,0.9921875,1.0
r1-forgotten-s1,forgotten,1,1,36,1.0,1.0,0.0,0.9921875,
r1-forgotten-s1,forgotten,1,1,37,1.0,1.0,0.0,0.9921875,
r1-forgotten-s1,forgotten,1,1,38,1.0,1.0,0.0,0.984375,
r1-forgotten-s1,forgotten,1,1,39,1.0,1.0,0.0,0.9765625,
r1-forgotten-s1,forgotten,1,1,40,1.0,1.0,0.0,0.984375,1.0
r1-forgotten-s1,forgotten,1,1,41,1.0,1.0,0.0,0.9921875,
r1-forgotten-s1,forgotten,1,1,42,1.0,1.0,0.0,0.9921875,
r1-forgotten-s1,forgotten,1,1,43,1.0,1.0,0.0,0.9921875,
r1-forgotten-s1,forgotten,1,1,44,1.0,1.0,0.0,0.984375,
r1-forgotten-s1,forgotten,1,1,45,1.0,1.0,0.0,0.984375,1.0
r1-forgotten-s1,forgotten,1,1,46,1.0,1.0,0.0,0.984375,
r1-forgotten-s1,forgotten,1,1,47,0.9962121212121212,0.9696969696969697,0.0,0.9621212121212122,
r1-forgotten-s1,forgotten,1,1,48,1.0,1.0,0.0,0.9453125,
r1-forgotten-s1,forgotten,1,1,49,1.0,1.0,0.0,0.921875,
r1-forgotten-s1,forgotten,1,1,50,1.0,1.0,0.0,0.9375,1.0
r1-forgotten-s1,forgotten,1,1,51,1.0,1.0,0.0,0.9296875,
r1-forgotten-s1,forgotten,1,1,52,1.0,1.0,0.0,0.9296875,
r1-forgotten-s1,forgotten,1,1,53,0.9921875,0.96875,0.0,0.96484375,
r1-forgotten-s1,forgotten,1,1,54,1.0,1.0,0.0,0.953125,
r1-forgotten-s1,forgotten,1,1,55,1.0,1.0,0.0,0.9765625,1.0
r1-forgotten-s1,forgotten,1,1,56,1.0,1.0,0.0,0.9453125,
r1-forgotten-s1,forgotten,1,1,57,1.0,1.0,0.0,0.9453125,
r1-forgotten-s1,forgotten,1,1,58,1.0,1.0,0.0,0.9375,
r1-forgotten-s1,forgotten,1,1,59,1.0,1.0,0.0,0.96875,
r1-forgotten-s1,forgotten,1,1,60,1.0,1.0,0.0,0.9453125,1.0
r1-forgotten-s1,forgotten,1,1,61,1.0,1.0,0.0,0.953125,
r1-forgotten-s1,forgotten,1,1,62,1.0,1.0,0.0,0.9453125,
r1-forgotten-s1,forgotten,1,1,63,1.0,1.0,0.0,0.9765625,
r1-forgotten-s1,forgotten,1,1,64,1.0,1.0,0.0,0.9453125,
r1-forgotten-s1,forgotten,1,1,65,1.0,1.0,0.0,0.9453125,1.0
r1-forgotten-s1,forgotten,1,1,66,1.0,1.0,0.0,0.9296875,
r1-forgotten-s1,forgotten,1,1,67,1.0,1.0,0.0,0.953125,
r1-forgotten-s1,forgotten,1,1,68,1.0,1.0,0.0,0.9375,
r1-forgotten-s1,forgotten,1,1,69,1.0,1.0,0.0,0.953125,
r1-forgotten-s1,forgotten,1,1,70,1.0,1.0,0.0,0.9765625,1.0
r1-forgotten-s1,forgotten,1,1,71,1.0,1.0,0.0,0.9296875,
r1-forgotten-s1,forgotten,1,1,72,1.0,1.0,0.0,0.9609375,
r1-forgotten-s1,forgotten,1,1,73,1.0,1.0,0.0,0.953125,
r1-forgotten-s1,forgotten,1,1,74,1.0,1.0,0.0,0.9817708333333334,
r1-forgotten-s1,forgotten,1,1,75,1.0,1.0,0.0,0.9375,1.0
r1-forgotten-s1,forgotten,1,1,76,1.0,1.0,0.0,0.9453125,
r1-forgotten-s1,forgotten,1,1,77,1.0,1.0,0.0,0.9765625,
r1-forgotten-s1,forgotten,1,1,78,1.0,1.0,0.0,0.97265625,
r1-forgotten-s1,forgotten,1,1,79,1.0,1.0,0.0,0.9765625,
r1-forgotten-s1,forgotten,1,1,80,1.0,1.0,0.0,0.9609375,1.0
r1-forgotten-s1,forgotten,1,1,81,1.0,1.0,0.0,0.953125,
r1-forgotten-s1,forgotten,1,1,82,1.0,1.0,0.0,0.9375,
r1-forgotten-s1,forgotten,1,1,83,1.0,1.0,0.0,0.953125,
r1-forgotten-s1,forgotten,1,1,84,1.0,1.0,0.0,0.97265625,
r1-forgotten-s1,forgotten,1,1,85,1.0,1.0,0.0,0.9375,1.0
r1-forgotten-s1,forgotten,1,1,86,1.0,1.0,0.0,0.97265625,
r1-forgotten-s1,forgotten,1,1,87,1.0,1.0,0.0,0.953125,
r1-forgotten-s1,forgotten,1,1,88,1.0,1.0,0.0,0.97265625,
r1-forgotten-s1,forgotten,1,1,89,1.0,1.0,0.0,0.953125,
r1-forgotten-s1,forgotten,1,1,90,1.0,1.0,0.0,0.96875,1.0
r1-forgotten-s1,forgotten,1,1,91,1.0,1.0,0.0,0.9453125,
r1-forgotten-s1,forgotten,1,1,92,1.0,1.0,0.0,0.953125,
r1-forgotten-s1,forgotten,1,1,93,1.0,1.0,0.0,0.953125,
r1-forgotten-s1,forgotten,1,1,94,1.0,1.0,0.0,0.9453125,
r1-forgotten-s1,forgotten,1,1,95,1.0,1.0,0.0,0.9375,1.0
r1-forgotten-s1,forgotten,1,1,96,1.0,1.0,0.0,0.9453125,
r1-forgotten-s1,forgotten,1,1,97,1.0,1.0,0.0,0.953125,
r1-forgotten-s1,forgotten,1,1,98,1.0,1.0,0.0,0.97265625,
r1-forgotten-s1,forgotten,1,1,99,1.0,1.0,0.0,0.9453125,
r1-forgotten-s1,forgotten,1,1,100,1.0,1.0,0.0,0.953125,1.0
r1-midnight-s1,midnight,1,1,1,0.0078125,0.0,0.0625,0.921875,0.01171875
r1-midnight-s1,midnight,1,1,2,0.0078125,0.0,0.0625,0.8671875,
r1-midnight-s1,midnight,1,1,3,0.0078125,0.0,0.0625,0.890625,
r1-midnight-s1,midnight,1,1,4,0.0078125,0.0,0.0625,0.8984375,
r1-midnight-s1,midnight,1,1,5,0.0078125,0.0,0.0625,0.8203125,0.015625
r1-midnight-s1,midnight,1,1,6,0.0,0.0,0.0,0.9765625,
r1-midnight-s1,midnight,1,1,7,0.0078125,0.0,0.0625,0.8203125,
r1-midnight-s1,midnight,1,1,8,0.046875,0.0,0.375,0.5546875,
r1-midnight-s1,midnight,1,1,9,0.0390625,0.0,0.1875,0.75,
r1-midnight-s1,midnight,1,1,10,0.0390625,0.0,0.3125,0.515625,0.015625
r1-midnight-s1,midnight,1,1,11,0.03125,0.0,0.1875,0.609375,
r1-midnight-s1,midnight,1,1,12,0.046875,0.0,0.3125,0.453125,
r1-midnight-s1,midnight,1,1,13,0.0390625,0.0,0.25,0.484375,
r1-midnight-s1,midnight,1,1,14,0.0859375,0.0,0.5,0.2890625,
r1-midnight-s1,midnight,1,1,15,0.0234375,0.0,0.1875,0.4140625,0.03125
r1-midnight-s1,midnight,1,1,16,0.0390625,0.0,0.1875,0.3984375,
r1-midnight-s1,midnight,1,1,17,0.0703125,0.0,0.5,0.21875,
r1-midnight-s1,midnight,1,1,18,0.0625,0.0,0.4375,0.265625,
r1-midnight-s1,midnight,1,1,19,0.0546875,0.0,0.375,0.3046875,
r1-midnight-s1,midnight,1,1,20,0.0703125,0.0,0.5,0.2578125,0.03515625
r1-midnight-s1,midnight,1,1,21,0.109375,0.0,0.6875,0.1171875,
r1-midnight-s1,midnight,1,1,22,0.1171875,0.0,0.625,0.1484375,
r1-midnight-s1,midnight,1,1,23,0.1171875,0.0,0.5625,0.2109375,
r1-midnight-s1,midnight,1,1,24,0.1796875,0.0,0.75,0.1171875,
r1-midnight-s1,midnight,1,1,25,0.15625,0.0,0.6875,0.1015625,0.265625
r1-midnight-s1,midnight,1,1,26,0.2265625,0.0,0.9375,0.0234375,
r1-midnight-s1,midnight,1,1,27,0.5625,0.0625,0.875,0.0390625,
r1-midnight-s1,midnight,1,1,28,0.75,0.0,1.0,0.0,
r1-midnight-s1,midnight,1,1,29,0.6953125,0.0,1.0,0.0,
r1-midnight-s1,midnight,1,1,30,0.6796875,0.0625,0.9375,0.0546875,
r1-midnight-s1,midnight,1,1,31,1.0,1.0,0.0,0.859375,
r1-midnight-s1,midnight,1,1,32,1.0,1.0,0.0,0.984375,
r1-midnight-s1,midnight,1,1,33,1.0,1.0,0.0,0.9921875,
r1-midnight-s1,midnight,1,1,34,1.0,1.0,0.0,0.9921875,
r1-ocean-s1,ocean,1,1,1,0.015625,0.0,0.125,0.84375,0.03125
r1-ocean-s1,ocean,1,1,2,0.0078125,0.0,0.0625,0.8671875,
r1-ocean-s1,ocean,1,1,3,0.0,0.0,0.0,0.9296875,
r1-ocean-s1,ocean,1,1,4,0.03125,0.0,0.25,0.7421875,
r1-ocean-s1,ocean,1,1,5,0.0078125,0.0,0.0625,0.8828125,0.02734375
r1-ocean-s1,ocean,1,1,6,0.0234375,0.0,0.125,0.828125,
r1-ocean-s1,ocean,1,1,7,0.0390625,0.0,0.3125,0.59375,
r1-ocean-s1,ocean,1,1,8,0.03125,0.0,0.1875,0.7734375,
r1-ocean-s1,ocean,1,1,9,0.0,0.0,0.0,0.8984375,
r1-ocean-s1,ocean,1,1,10,0.0078125,0.0,0.0625,0.828125,0.05078125
r1-ocean-s1,ocean,1,1,11,0.0390625,0.0,0.3125,0.5625,
r1-ocean-s1,ocean,1,1,12,0.03125,0.0,0.1875,0.6484375,
r1-ocean-s1,ocean,1,1,13,0.0390625,0.0,0.25,0.578125,
r1-ocean-s1,ocean,1,1,14,0.0390625,0.0,0.1875,0.625,
r1-ocean-s1,ocean,1,1,15,0.046875,0.0,0.25,0.6015625,0.125
r1-ocean-s1,ocean,1,1,16,0.046875,0.0,0.25,0.6171875,
r1-ocean-s1,ocean,1,1,17,0.0625,0.0,0.25,0.625,
r1-ocean-s1,ocean,1,1,18,0.015625,0.0,0.125,0.75,
r1-ocean-s1,ocean,1,1,19,0.0390625,0.0,0.1875,0.7109375,
r1-ocean-s1,ocean,1,1,20,0.09375,0.0,0.1875,0.6796875,0.27734375
r1-ocean-s1,ocean,1,1,21,0.1328125,0.0,0.3125,0.609375,
r1-ocean-s1,ocean,1,1,22,0.1796875,0.0,0.5625,0.4140625,
r1-ocean-s1,ocean,1,1,23,0.21875,0.0,0.625,0.375,
r1-ocean-s1,ocean,1,1,24,0.3125,0.0,0.6875,0.296875,
r1-ocean-s1,ocean,1,1,25,0.453125,0.0625,0.75,0.2421875,0.46484375
r1-ocean-s1,ocean,1,1,26,0.2890625,0.0,0.9375,0.0625,
r1-ocean-s1,ocean,1,1,27,0.375,0.0625,0.75,0.25,
r1-ocean-s1,ocean,1,1,28,0.46875,0.1875,0.75,0.2421875,
r1-ocean-s1,ocean,1,1,29,0.78125,0.25,0.75,0.2265625,
r1-ocean-s1,ocean,1,1,30,0.8828125,0.5625,0.4375,0.5390625,0.96484375
r1-ocean-s1,ocean,1,1,31,0.9453125,0.75,0.25,0.734375,
r1-ocean-s1,ocean,1,1,32,0.9765625,0.9375,0.0625,0.9140625,
r1-ocean-s1,ocean,1,1,33,0.9765625,0.9375,0.0625,0.921875,
r1-ocean-s1,ocean,1,1,34,0.9609375,0.8125,0.1875,0.7734375,
r1-ocean-s1,ocean,1,1,35,0.9921875,0.9375,0.0625,0.9296875,1.0
r1-ocean-s1,ocean,1,1,36,1.0,1.0,0.0,0.984375,
r1-ocean-s1,ocean,1,1,37,1.0,1.0,0.0,0.9609375,
r1-ocean-s1,ocean,1,1,38,1.0,1.0,0.0,0.9921875,
r1-ocean-s1,ocean,1,1,39,1.0,1.0,0.0,0.9609375,
r1-ocean-s1,ocean,1,1,40,1.0,1.0,0.0,0.921875,0.99609375
r1-ocean-s1,ocean,1,1,41,1.0,1.0,0.0,0.96875,
r1-ocean-s1,ocean,1,1,42,1.0,1.0,0.0,0.9609375,
r1-ocean-s1,ocean,1,1,43,1.0,1.0,0.0,0.9609375,
r1-ocean-s1,ocean,1,1,44,1.0,1.0,0.0,0.9765625,
r1-ocean-s1,ocean,1,1,45,1.0,1.0,0.0,0.921875,1.0
r1-ocean-s1,ocean,1,1,46,1.0,1.0,0.0,0.9609375,
r1-ocean-s1,ocean,1,1,47,1.0,1.0,0.0,0.9609375,
r1-ocean-s1,ocean,1,1,48,1.0,1.0,0.0,0.9140625,
r1-ocean-s1,ocean,1,1,49,1.0,1.0,0.0,0.96875,
r1-ocean-s1,ocean,1,1,50,1.0,1.0,0.0,0.8828125,1.0
r1-ocean-s1,ocean,1,1,51,1.0,1.0,0.0,0.9453125,
r1-ocean-s1,ocean,1,1,52,1.0,1.0,0.0,0.9140625,
r1-ocean-s1,ocean,1,1,53,1.0,1.0,0.0,0.95703125,
r1-ocean-s1,ocean,1,1,54,1.0,1.0,0.0,0.8671875,
r1-ocean-s1,ocean,1,1,55,1.0,1.0,0.0,0.9296875,1.0
r1-ocean-s1,ocean,1,1,56,1.0,1.0,0.0,0.9296875,
r1-ocean-s1,ocean,1,1,57,1.0,1.0,0.0,0.9296875,
r1-ocean-s1,ocean,1,1,58,1.0,1.0,0.0,0.921875,
r1-ocean-s1,ocean,1,1,59,1.0,1.0,0.0,0.921875,
r1-ocean-s1,ocean,1,1,60,1.0,1.0,0.0,0.9609375,1.0
r1-ocean-s1,ocean,1,1,61,1.0,1.0,0.0,0.9375,
r1-ocean-s1,ocean,1,1,62,1.0,1.0,0.0,0.8984375,
r1-ocean-s1,ocean,1,1,63,0.9921875,0.9375,0.0625,0.84375,
r1-ocean-s1,ocean,1,1,64,1.0,1.0,0.0,0.90625,
r1-ocean-s1,ocean,1,1,65,1.0,1.0,0.0,0.9453125,1.0
r1-ocean-s1,ocean,1,1,66,1.0,1.0,0.0,0.9765625,
r1-ocean-s1,ocean,1,1,67,1.0,1.0,0.0,0.9296875,
r1-ocean-s1,ocean,1,1,68,1.0,1.0,0.0,0.96875,
r1-ocean-s1,ocean,1,1,69,1.0,1.0,0.0,0.984375,
r1-ocean-s1,ocean,1,1,70,1.0,1.0,0.0,0.921875,1.0
r1-ocean-s1,ocean,1,1,71,1.0,1.0,0.0,0.96875,
r1-ocean-s1,ocean,1,1,72,1.0,1.0,0.0,0.9921875,
r1-ocean-s1,ocean,1,1,73,1.0,1.0,0.0,0.9609375,
r1-ocean-s1,ocean,1,1,74,1.0,1.0,0.0,0.984375,
r1-ocean-s1,ocean,1,1,75,1.0,1.0,0.0,0.9765625,1.0
r1-ocean-s1,ocean,1,1,76,1.0,1.0,0.0,0.9921875,
r1-ocean-s1,ocean,1,1,77,1.0,1.0,0.0,0.9765625,
r1-ocean-s1,ocean,1,1,78,1.0,1.0,0.0,0.96875,
r1-ocean-s1,ocean,1,1,79,1.0,1.0,0.0,0.984375,
r1-ocean-s1,ocean,1,1,80,1.0,1.0,0.0,0.984375,1.0
r1-ocean-s1,ocean,1,1,81,1.0,1.0,0.0,0.96875,
r1-ocean-s1,ocean,1,1,82,1.0,1.0,0.0,0.9765625,
r1-ocean-s1,ocean,1,1,83,1.0,1.0,0.0,0.9921875,
r1-ocean-s1,ocean,1,1,84,1.0,1.0,0.0,0.9921875,
r1-ocean-s1,ocean,1,1,85,1.0,1.0,0.0,0.9765625,1.0
r1-ocean-s1,ocean,1,1,86,1.0,1.0,0.0,0.9921875,
r1-ocean-s1,ocean,1,1,87,1.0,1.0,0.0,0.9921875,
r1-ocean-s1,ocean,1,1,88,1.0,1.0,0.0,0.9765625,
r1-ocean-s1,ocean,1,1,89,1.0,1.0,0.0,0.9921875,
r1-ocean-s1,ocean,1,1,90,1.0,1.0,0.0,0.984375,1.0
r1-ocean-s1,ocean,1,1,91,1.0,1.0,0.0,0.984375,
r1-ocean-s1,ocean,1,1,92,1.0,1.0,0.0,0.99609375,
r1-ocean-s1,ocean,1,1,93,1.0,1.0,0.0,0.9765625,
r1-ocean-s1,ocean,1,1,94,1.0,1.0,0.0,0.984375,
r1-ocean-s1,ocean,1,1,95,1.0,1.0,0.0,0.9921875,1.0
r1-ocean-s1,ocean,1,1,96,1.0,1.0,0.0,0.984375,
r1-ocean-s1,ocean,1,1,97,1.0,1.0,0.0,0.9921875,
r1-ocean-s1,ocean,1,1,98,1.0,1.0,0.0,0.96875,
r1-ocean-s1,ocean,1,1,99,1.0,1.0,0.0,0.96875,
r1-ocean-s1,ocean,1,1,100,1.0,1.0,0.0,0.96875,1.0
r1-forgotten-s2,forgotten,2,1,1,0.328125,0.0,0.8125,0.1875,0.27734375
r1-forgotten-s2,forgotten,2,1,2,0.2265625,0.0,0.8125,0.1875,
r1-forgotten-s2,forgotten,2,1,3,0.1796875,0.0,0.6875,0.296875,
r1-forgotten-s2,forgotten,2,1,4,0.3828125,0.0,1.0,0.0,
r1-forgotten-s2,forgotten,2,1,5,0.3359375,0.0,0.75,0.234375,0.375
r1-forgotten-s2,forgotten,2,1,6,0.4296875,0.0,0.9375,0.0625,
r1-forgotten-s2,forgotten,2,1,7,0.3515625,0.0,0.6875,0.296875,
r1-forgotten-s2,forgotten,2,1,8,0.4375,0.125,0.75,0.2421875,
r1-forgotten-s2,forgotten,2,1,9,0.71875,0.1875,0.75,0.25,
r1-forgotten-s2,forgotten,2,1,10,0.5546875,0.1875,0.8125,0.1796875,0.52734375
r1-forgotten-s2,forgotten,2,1,11,0.71875,0.375,0.625,0.3515625,
r1-forgotten-s2,forgotten,2,1,12,0.796875,0.4375,0.5625,0.390625,
r1-forgotten-s2,forgotten,2,1,13,0.875,0.5625,0.4375,0.546875,
r1-forgotten-s2,forgotten,2,1,14,0.90625,0.75,0.25,0.6953125,
r1-forgotten-s2,forgotten,2,1,15,0.796875,0.6875,0.3125,0.6484375,0.96484375
r1-forgotten-s2,forgotten,2,1,16,0.890625,0.75,0.25,0.6796875,
r1-forgotten-s2,forgotten,2,1,17,0.984375,0.875,0.125,0.828125,
r1-forgotten-s2,forgotten,2,1,18,0.9921875,0.9375,0.0625,0.890625,
r1-forgotten-s2,forgotten,2,1,19,0.984375,0.875,0.125,0.828125,
r1-forgotten-s2,forgotten,2,1,20,1.0,1.0,0.0,0.8984375,1.0
r1-forgotten-s2,forgotten,2,1,21,1.0,1.0,0.0,0.9296875,
r1-forgotten-s2,forgotten,2,1,22,1.0,1.0,0.0,0.96875,
r1-forgotten-s2,forgotten,2,1,23,1.0,1.0,0.0,0.96875,
r1-forgotten-s2,forgotten,2,1,24,1.0,1.0,0.0,0.998046875,
r1-forgotten-s2,forgotten,2,1,25,1.0,1.0,0.0,0.9921875,0.82421875
r1-forgotten-s2,forgotten,2,1,26,1.0,1.0,0.0,0.99609375,
r1-forgotten-s2,forgotten,2,1,27,1.0,1.0,0.0,0.99609375,
r1-forgotten-s2,forgotten,2,1,28,1.0,1.0,0.0,0.99609375,
r1-forgotten-s2,forgotten,2,1,29,1.0,1.0,0.0,0.9921875,
r1-forgotten-s2,forgotten,2,1,30,1.0,1.0,0.0,0.9921875,1.0
r1-forgotten-s2,forgotten,2,1,31,1.0,1.0,0.0,0.98828125,
r1-forgotten-s2,forgotten,2,1,32,1.0,1.0,0.0,0.9921875,
r1-forgotten-s2,forgotten,2,1,33,1.0,1.0,0.0,0.984375,
r1-forgotten-s2,forgotten,2,1,34,1.0,1.0,0.0,0.984375,
r1-forgotten-s2,forgotten,2,1,35,1.0,1.0,0.0,0.9984375,1.0
r1-forgotten-s2,forgotten,2,1,36,1.0,1.0,0.0,0.998046875,
r1-forgotten-s2,forgotten,2,1,37,1.0,1.0,0.0,0.9921875,
r1-forgotten-s2,forgotten,2,1,38,1.0,1.0,0.0,0.9984375,
r1-forgotten-s2,forgotten,2,1,39,1.0,1.0,0.0,0.9984375,
r1-forgotten-s2,forgotten,2,1,40,0.9948453608247423,0.9690721649484536,0.0,0.9884020618556701,1.0
r1-forgotten-s2,forgotten,2,1,41,1.0,1.0,0.0,0.9609375,
r1-forgotten-s2,forgotten,2,1,42,1.0,1.0,0.0,0.98046875,
r1-forgotten-s2,forgotten,2,1,43,1.0,1.0,0.0,0.98046875,
r1-forgotten-s2,forgotten,2,1,44,1.0,1.0,0.0,0.9869791666666666,
r1-forgotten-s2,forgotten,2,1,45,1.0,1.0,0.0,0.9934895833333334,1.0
r1-forgotten-s2,forgotten,2,1,46,1.0,1.0,0.0,0.9921875,
r1-forgotten-s2,forgotten,2,1,47,1.0,1.0,0.0,0.9609375,
r1-forgotten-s2,forgotten,2,1,48,1.0,1.0,0.0,0.9869791666666666,
r1-forgotten-s2,forgotten,2,1,49,1.0,1.0,0.0,0.99609375,
r1-forgotten-s2,forgotten,2,1,50,1.0,1.0,0.0,0.9609375,1.0
r1-forgotten-s2,forgotten,2,1,51,1.0,1.0,0.0,0.98046875,
r1-forgotten-s2,forgotten,2,1,52,1.0,1.0,0.0,0.9951171875,
r1-forgotten-s2,forgotten,2,1,53,1.0,1.0,0.0,0.9609375,
r1-forgotten-s2,forgotten,2,1,54,1.0,1.0,0.0,0.98046875,
r1-forgotten-s2,forgotten,2,1,55,1.0,1.0,0.0,0.990625,
r1-forgotten-s2,forgotten,2,1,56,1.0,1.0,0.0,0.990234375,
r1-forgotten-s2,forgotten,2,1,57,1.0,1.0,0.0,0.9609375,
r1-forgotten-s2,forgotten,2,1,58,1.0,1.0,0.0,0.990234375,
r1-midnight-s2,midnight,2,1,1,0.0234375,0.0,0.1875,0.71875,0.0078125
r1-midnight-s2,midnight,2,1,2,0.015625,0.0,0.125,0.8359375,
r1-midnight-s2,midnight,2,1,3,0.0,0.0,0.0,0.953125,
r1-midnight-s2,midnight,2,1,4,0.03125,0.0,0.25,0.6796875,
r1-midnight-s2,midnight,2,1,5,0.015625,0.0,0.125,0.8046875,0.00390625
r1-midnight-s2,midnight,2,1,6,0.015625,0.0,0.125,0.796875,
r1-midnight-s2,midnight,2,1,7,0.0234375,0.0,0.1875,0.7578125,
r1-midnight-s2,midnight,2,1,8,0.015625,0.0,0.125,0.8046875,
r1-midnight-s2,midnight,2,1,9,0.0078125,0.0,0.0625,0.859375,
r1-midnight-s2,midnight,2,1,10,0.0,0.0,0.0,0.875,0.01171875
r1-midnight-s2,midnight,2,1,11,0.03125,0.0,0.25,0.640625,
r1-midnight-s2,midnight,2,1,12,0.0234375,0.0,0.1875,0.71875,
r1-midnight-s2,midnight,2,1,13,0.03125,0.0,0.125,0.78125,
r1-midnight-s2,midnight,2,1,14,0.03125,0.0,0.25,0.6953125,
r1-midnight-s2,midnight,2,1,15,0.03125,0.0,0.1875,0.703125,0.01953125
r1-midnight-s2,midnight,2,1,16,0.0703125,0.0,0.375,0.5625,
r1-midnight-s2,midnight,2,1,17,0.0390625,0.0,0.3125,0.625,
r1-midnight-s2,midnight,2,1,18,0.03125,0.0,0.25,0.6484375,
r1-midnight-s2,midnight,2,1,19,0.0661764705882353,0.0,0.47058823529411764,0.41911764705882354,
r1-midnight-s2,midnight,2,1,20,0.0763888888888889,0.0,0.4722222222222222,0.3611111111111111,0.03515625
r1-midnight-s2,midnight,2,1,21,0.078125,0.0,0.5,0.3828125,
r1-midnight-s2,midnight,2,1,22,0.1328125,0.0,0.5,0.4453125,
r1-midnight-s2,midnight,2,1,23,0.15625,0.0,0.6875,0.2578125,
r1-midnight-s2,midnight,2,1,24,0.2421875,0.0,0.8125,0.1875,
r1-midnight-s2,midnight,2,1,25,0.0703125,0.0,0.4375,0.4140625,0.234375
r1-midnight-s2,midnight,2,1,26,0.2109375,0.0,0.8125,0.171875,
r1-midnight-s2,midnight,2,1,27,0.2421875,0.0,0.9375,0.046875,
r1-midnight-s2,midnight,2,1,28,0.265625,0.0,0.8125,0.1640625,
r1-midnight-s2,midnight,2,1,29,0.8359375,0.375,0.625,0.265625,
r1-midnight-s2,midnight,2,1,30,0.90625,0.625,0.375,0.5078125,
r1-midnight-s2,midnight,2,1,31,1.0,1.0,0.0,0.7578125,
r1-midnight-s2,midnight,2,1,32,1.0,1.0,0.0,0.953125,
r1-midnight-s2,midnight,2,1,33,1.0,1.0,0.0,0.9609375,
r1-midnight-s2,midnight,2,1,34,1.0,1.0,0.0,0.984375,
r1-midnight-s2,midnight,2,1,35,0.99609375,0.96875,0.0,0.9921875,
r1-midnight-s2,midnight,2,1,36,1.0,1.0,0.0,0.9921875,
r1-midnight-s2,midnight,2,1,37,1.0,1.0,0.0,0.9921875,
r1-ocean-s2,ocean,2,1,1,0.0234375,0.0,0.1875,0.765625,0.015625
r1-ocean-s2,ocean,2,1,2,0.0,0.0,0.0,0.9296875,
r1-ocean-s2,ocean,2,1,3,0.015625,0.0,0.125,0.84375,
r1-ocean-s2,ocean,2,1,4,0.0078125,0.0,0.0625,0.90625,
r1-ocean-s2,ocean,2,1,5,0.015625,0.0,0.125,0.828125,0.01953125
r1-ocean-s2,ocean,2,1,6,0.0390625,0.0,0.25,0.75,
r1-ocean-s2,ocean,2,1,7,0.015625,0.0,0.125,0.8203125,
r1-ocean-s2,ocean,2,1,8,0.0234375,0.0,0.125,0.8515625,
r1-ocean-s2,ocean,2,1,9,0.0,0.0,0.0,0.9296875,
r1-ocean-s2,ocean,2,1,10,0.0078125,0.0,0.0625,0.890625,0.02734375
r1-ocean-s2,ocean,2,1,11,0.0390625,0.0,0.25,0.6796875,
r1-ocean-s2,ocean,2,1,12,0.0390625,0.0,0.25,0.6953125,
r1-ocean-s2,ocean,2,1,13,0.03125,0.0,0.25,0.6796875,
r1-ocean-s2,ocean,2,1,14,0.046875,0.0,0.25,0.7109375,
r1-ocean-s2,ocean,2,1,15,0.078125,0.0,0.4375,0.546875,0.109375
r1-ocean-s2,ocean,2,1,16,0.015625,0.0,0.125,0.8203125,
r1-ocean-s2,ocean,2,1,17,0.0546875,0.0,0.375,0.578125,
r1-ocean-s2,ocean,2,1,18,0.109375,0.0,0.5625,0.4296875,
r1-ocean-s2,ocean,2,1,19,0.03125,0.0,0.25,0.7265625,
r1-ocean-s2,ocean,2,1,20,0.09375,0.0,0.5,0.484375,0.27734375
r1-ocean-s2,ocean,2,1,21,0.140625,0.0,0.375,0.546875,
r1-ocean-s2,ocean,2,1,22,0.203125,0.0,0.625,0.3203125,
r1-ocean-s2,ocean,2,1,23,0.171875,0.0,0.5,0.4296875,
r1-ocean-s2,ocean,2,1,24,0.296875,0.0,0.8125,0.1796875,
r1-ocean-s2,ocean,2,1,25,0.3203125,0.0,0.8125,0.1875,0.45703125
r1-ocean-s2,ocean,2,1,26,0.6796875,0.125,0.875,0.1015625,
r1-ocean-s2,ocean,2,1,27,0.703125,0.3125,0.6875,0.2734375,
r1-ocean-s2,ocean,2,1,28,0.7109375,0.1875,0.75,0.203125,
r1-ocean-s2,ocean,2,1,29,0.828125,0.5,0.5,0.4375,
r1-ocean-s2,ocean,2,1,30,0.9921875,0.9375,0.0625,0.7109375,1.0
r1-ocean-s2,ocean,2,1,31,0.9921875,0.9375,0.0625,0.7421875,
r1-ocean-s2,ocean,2,1,32,1.0,1.0,0.0,0.8828125,
r1-ocean-s2,ocean,2,1,33,1.0,1.0,0.0,0.8125,
r1-ocean-s2,ocean,2,1,34,1.0,1.0,0.0,0.875,
r1-ocean-s2,ocean,2,1,35,1.0,1.0,0.0,0.8359375,1.0
r1-ocean-s2,ocean,2,1,36,1.0,1.0,0.0,0.859375,
r1-ocean-s2,ocean,2,1,37,1.0,1.0,0.0,0.8671875,
r1-ocean-s2,ocean,2,1,38,1.0,1.0,0.0,0.8984375,
r1-ocean-s2,ocean,2,1,39,1.0,1.0,0.0,0.890625,
r1-ocean-s2,ocean,2,1,40,1.0,1.0,0.0,0.890625,0.99609375
r1-ocean-s2,ocean,2,1,41,1.0,1.0,0.0,0.84375,
r1-ocean-s2,ocean,2,1,42,1.0,1.0,0.0,0.9375,
r1-ocean-s2,ocean,2,1,43,1.0,1.0,0.0,0.90625,
r1-ocean-s2,ocean,2,1,44,1.0,1.0,0.0,0.9453125,
r1-ocean-s2,ocean,2,1,45,1.0,1.0,0.0,0.9453125,1.0
r1-ocean-s2,ocean,2,1,46,1.0,1.0,0.0,0.953125,
r1-ocean-s2,ocean,2,1,47,1.0,1.0,0.0,0.9453125,
r1-ocean-s2,ocean,2,1,48,1.0,1.0,0.0,0.9453125,
r1-ocean-s2,ocean,2,1,49,1.0,1.0,0.0,0.953125,
r1-ocean-s2,ocean,2,1,50,1.0,1.0,0.0,0.9453125,1.0
r1-ocean-s2,ocean,2,1,51,1.0,1.0,0.0,0.9609375,
r1-ocean-s2,ocean,2,1,52,1.0,1.0,0.0,0.9453125,
r1-ocean-s2,ocean,2,1,53,1.0,1.0,0.0,0.9609375,
r1-ocean-s2,ocean,2,1,54,1.0,1.0,0.0,0.9609375,
r1-ocean-s2,ocean,2,1,55,1.0,1.0,0.0,0.9296875,1.0
r1-ocean-s2,ocean,2,1,56,1.0,1.0,0.0,0.9609375,
r1-ocean-s2,ocean,2,1,57,1.0,1.0,0.0,0.96875,
r1-ocean-s2,ocean,2,1,58,1.0,1.0,0.0,0.9609375,
r1-ocean-s2,ocean,2,1,59,1.0,1.0,0.0,0.96875,
r1-ocean-s2,ocean,2,1,60,1.0,1.0,0.0,0.953125,1.0
r1-ocean-s2,ocean,2,1,61,1.0,1.0,0.0,0.96875,
r1-ocean-s2,ocean,2,1,62,1.0,1.0,0.0,0.96875,
r1-ocean-s2,ocean,2,1,63,1.0,1.0,0.0,0.9765625,
r1-ocean-s2,ocean,2,1,64,1.0,1.0,0.0,0.96875,
r1-ocean-s2,ocean,2,1,65,1.0,1.0,0.0,0.9609375,1.0
r1-ocean-s2,ocean,2,1,66,1.0,1.0,0.0,0.9765625,
r1-ocean-s2,ocean,2,1,67,1.0,1.0,0.0,0.984375,
r1-ocean-s2,ocean,2,1,68,1.0,1.0,0.0,0.953125,
r1-ocean-s2,ocean,2,1,69,1.0,1.0,0.0,0.9765625,
r1-ocean-s2,ocean,2,1,70,1.0,1.0,0.0,0.984375,1.0
r1-ocean-s2,ocean,2,1,71,1.0,1.0,0.0,0.9765625,
r1-ocean-s2,ocean,2,1,72,1.0,1.0,0.0,0.9921875,
r1-ocean-s2,ocean,2,1,73,1.0,1.0,0.0,0.984375,
r1-ocean-s2,ocean,2,1,74,1.0,1.0,0.0,0.953125,
r1-ocean-s2,ocean,2,1,75,1.0,1.0,0.0,0.96875,1.0
r1-ocean-s2,ocean,2,1,76,1.0,1.0,0.0,0.953125,
r1-ocean-s2,ocean,2,1,77,1.0,1.0,0.0,0.9765625,
r1-ocean-s2,ocean,2,1,78,1.0,1.0,0.0,0.953125,
r1-ocean-s2,ocean,2,1,79,1.0,1.0,0.0,0.9609375,
r1-ocean-s2,ocean,2,1,80,1.0,1.0,0.0,0.984375,1.0
r1-ocean-s2,ocean,2,1,81,1.0,1.0,0.0,0.953125,
r1-ocean-s2,ocean,2,1,82,1.0,1.0,0.0,0.9375,
r1-ocean-s2,ocean,2,1,83,1.0,1.0,0.0,0.953125,
r1-ocean-s2,ocean,2,1,84,0.9852941176470589,0.9411764705882353,0.0,0.9117647058823529,
r1-ocean-s2,ocean,2,1,85,1.0,1.0,0.0,0.9296875,1.0
r1-ocean-s2,ocean,2,1,86,1.0,1.0,0.0,0.9453125,
r1-ocean-s2,ocean,2,1,87,1.0,1.0,0.0,0.9453125,
r1-ocean-s2,ocean,2,1,88,1.0,1.0,0.0,0.9140625,
r1-ocean-s2,ocean,2,1,89,1.0,1.0,0.0,0.8984375,
r1-ocean-s2,ocean,2,1,90,1.0,1.0,0.0,0.9296875,1.0
r1-ocean-s2,ocean,2,1,91,1.0,1.0,0.0,0.9140625,
r1-ocean-s2,ocean,2,1,92,1.0,1.0,0.0,0.9140625,
r1-ocean-s2,ocean,2,1,93,1.0,1.0,0.0,0.9140625,
r1-ocean-s2,ocean,2,1,94,1.0,1.0,0.0,0.9453125,
r1-ocean-s2,ocean,2,1,95,1.0,1.0,0.0,0.921875,1.0
r1-ocean-s2,ocean,2,1,96,0.9921875,0.9375,0.0625,0.8515625,
r1-ocean-s2,ocean,2,1,97,1.0,1.0,0.0,0.9375,
r1-ocean-s2,ocean,2,1,98,1.0,1.0,0.0,0.9375,
r1-ocean-s2,ocean,2,1,99,1.0,1.0,0.0,0.9296875,
r1-ocean-s2,ocean,2,1,100,1.0,1.0,0.0,0.9453125,1.0
r1-midnight-s3,midnight,3,2,1,0.0,0.0,0.0,0.9453125,0.015625
r1-midnight-s3,midnight,3,2,2,0.015625,0.0,0.125,0.84375,
r1-midnight-s3,midnight,3,2,3,0.0078125,0.0,0.0625,0.8984375,0.0234375
r1-midnight-s3,midnight,3,2,4,0.0,0.0,0.0,0.921875,
r1-midnight-s3,midnight,3,2,5,0.03125,0.0,0.25,0.703125,
r1-midnight-s3,midnight,3,2,6,0.0390625,0.0,0.3125,0.6171875,0.0
r1-midnight-s3,midnight,3,2,7,0.0078125,0.0,0.0625,0.8671875,
r1-midnight-s3,midnight,3,2,8,0.0,0.0,0.0,0.9296875,
r1-midnight-s3,midnight,3,2,9,0.015625,0.0,0.125,0.828125,0.0234375
r1-midnight-s3,midnight,3,2,10,0.0234375,0.0,0.1875,0.7265625,
r1-midnight-s3,midnight,3,2,11,0.0078125,0.0,0.0625,0.890625,
r1-midnight-s3,midnight,3,2,12,0.03125,0.0,0.25,0.703125,0.0234375
r1-midnight-s3,midnight,3,2,13,0.0390625,0.0,0.25,0.6796875,
r1-midnight-s3,midnight,3,2,14,0.015625,0.0,0.125,0.84375,
r1-midnight-s3,midnight,3,2,15,0.0234375,0.0,0.1875,0.7734375,0.0234375
r1-midnight-s3,midnight,3,2,16,0.046875,0.0,0.3125,0.6328125,
r1-midnight-s3,midnight,3,2,17,0.0234375,0.0,0.1875,0.78125,
r1-midnight-s3,midnight,3,2,18,0.0546875,0.0,0.3125,0.671875,0.015625
r1-midnight-s3,midnight,3,2,19,0.015625,0.0,0.125,0.84375,
r1-midnight-s3,midnight,3,2,20,0.0625,0.0,0.3125,0.6796875,
r1-midnight-s3,midnight,3,2,21,0.046875,0.0,0.375,0.59375,0.03125
r1-midnight-s3,midnight,3,2,22,0.09375,0.0,0.5,0.484375,
r1-midnight-s3,midnight,3,2,23,0.1015625,0.0,0.625,0.375,
r1-midnight-s3,midnight,3,2,24,0.09375,0.0,0.5625,0.4296875,0.1171875
r1-midnight-s3,midnight,3,2,25,0.1640625,0.0,0.75,0.234375,
r1-midnight-s3,midnight,3,2,26,0.1328125,0.0,0.75,0.25,
r1-midnight-s3,midnight,3,2,27,0.1875,0.0,0.6875,0.296875,0.1484375
r1-midnight-s3,midnight,3,2,28,0.265625,0.0,0.875,0.125,
r1-midnight-s3,midnight,3,2,29,0.2734375,0.0,0.9375,0.0625,
r1-midnight-s3,midnight,3,2,30,0.359375,0.0,0.9375,0.0625,0.2890625
r1-midnight-s3,midnight,3,2,31,0.5234375,0.125,0.8125,0.171875,
r1-midnight-s3,midnight,3,2,32,0.75,0.3125,0.6875,0.296875,
r1-midnight-s3,midnight,3,2,33,0.703125,0.125,0.875,0.1171875,0.8359375
r1-midnight-s3,midnight,3,2,34,0.90625,0.5,0.5,0.4765625,
r1-midnight-s3,midnight,3,2,35,0.9609375,0.75,0.25,0.671875,
r1-midnight-s3,midnight,3,2,36,0.9921875,0.9375,0.0625,0.8828125,1.0
r1-midnight-s3,midnight,3,2,37,1.0,1.0,0.0,0.9453125,
r1-midnight-s3,midnight,3,2,38,1.0,1.0,0.0,0.921875,
r1-midnight-s3,midnight,3,2,39,0.9921875,0.9375,0.0625,0.859375,1.0
r1-midnight-s3,midnight,3,2,40,1.0,1.0,0.0,0.9140625,
r1-midnight-s3,midnight,3,2,41,1.0,1.0,0.0,0.9375,
r1-midnight-s3,midnight,3,2,42,1.0,1.0,0.0,0.9296875,1.0
r1-midnight-s3,midnight,3,2,43,1.0,1.0,0.0,0.9453125,
r1-midnight-s3,midnight,3,2,44,1.0,1.0,0.0,0.9609375,
r1-midnight-s3,midnight,3,2,45,1.0,1.0,0.0,0.9453125,1.0
r1-midnight-s3,midnight,3,2,46,1.0,1.0,0.0,0.96875,
r1-midnight-s3,midnight,3,2,47,1.0,1.0,0.0,0.9609375,
r1-midnight-s3,midnight,3,2,48,1.0,1.0,0.0,0.9609375,1.0
r1-midnight-s3,midnight,3,2,49,1.0,1.0,0.0,0.9453125,
r1-midnight-s3,midnight,3,2,50,1.0,1.0,0.0,0.9609375,
r1-midnight-s3,midnight,3,2,51,,,,,1.0
r1-ocean-s3,ocean,3,2,1,0.015625,0.0,0.0625,0.890625,0.015625
r1-ocean-s3,ocean,3,2,2,0.015625,0.0,0.0625,0.921875,
r1-ocean-s3,ocean,3,2,3,0.015625,0.0,0.125,0.84375,0.0234375
r1-ocean-s3,ocean,3,2,4,0.0234375,0.0,0.1875,0.765625,
r1-ocean-s3,ocean,3,2,5,0.0078125,0.0,0.0625,0.875,
r1-ocean-s3,ocean,3,2,6,0.0234375,0.0,0.1875,0.75,0.0546875
r1-ocean-s3,ocean,3,2,7,0.0078125,0.0,0.0625,0.8515625,
r1-ocean-s3,ocean,3,2,8,0.015625,0.0,0.125,0.8046875,
r1-ocean-s3,ocean,3,2,9,0.0078125,0.0,0.0625,0.8671875,0.0390625
r1-ocean-s3,ocean,3,2,10,0.046875,0.0,0.25,0.6640625,
r1-ocean-s3,ocean,3,2,11,0.0546875,0.0,0.25,0.671875,
r1-ocean-s3,ocean,3,2,12,0.0234375,0.0,0.1875,0.703125,0.1015625
r1-ocean-s3,ocean,3,2,13,0.0546875,0.0,0.25,0.6640625,
r1-ocean-s3,ocean,3,2,14,0.1015625,0.0,0.4375,0.5,
r1-ocean-s3,ocean,3,2,15,0.03125,0.0,0.1875,0.7265625,0.078125
r1-ocean-s3,ocean,3,2,16,0.1328125,0.0,0.5,0.4296875,
r1-ocean-s3,ocean,3,2,17,0.046875,0.0,0.3125,0.671875,
r1-ocean-s3,ocean,3,2,18,0.125,0.0,0.5,0.4609375,0.1328125
r1-ocean-s3,ocean,3,2,19,0.1796875,0.0,0.625,0.359375,
r1-ocean-s3,ocean,3,2,20,0.1796875,0.0,0.5,0.46875,
r1-ocean-s3,ocean,3,2,21,0.2421875,0.0,0.625,0.34375,0.2578125
r1-ocean-s3,ocean,3,2,22,0.265625,0.0625,0.625,0.3359375,
r1-ocean-s3,ocean,3,2,23,0.25,0.0625,0.75,0.203125,
r1-ocean-s3,ocean,3,2,24,0.34375,0.0625,0.625,0.3046875,0.5
r1-ocean-s3,ocean,3,2,25,0.4921875,0.25,0.625,0.3359375,
r1-ocean-s3,ocean,3,2,26,0.609375,0.25,0.75,0.21875,
r1-ocean-s3,ocean,3,2,27,0.6171875,0.25,0.75,0.2421875,0.6171875
r1-ocean-s3,ocean,3,2,28,0.765625,0.375,0.625,0.3203125,
r1-ocean-s3,ocean,3,2,29,0.8046875,0.375,0.625,0.3515625,
r1-ocean-s3,ocean,3,2,30,0.859375,0.5625,0.4375,0.484375,0.9609375
r1-ocean-s3,ocean,3,2,31,0.984375,0.875,0.125,0.7265625,
r1-ocean-s3,ocean,3,2,32,1.0,1.0,0.0,0.921875,
r1-ocean-s3,ocean,3,2,33,0.9921875,0.9375,0.0625,0.828125,1.0
r1-ocean-s3,ocean,3,2,34,1.0,1.0,0.0,0.9140625,
r1-ocean-s3,ocean,3,2,35,1.0,1.0,0.0,0.921875,
r1-ocean-s3,ocean,3,2,36,1.0,1.0,0.0,0.8828125,1.0
r1-ocean-s3,ocean,3,2,37,1.0,1.0,0.0,0.8671875,
r1-ocean-s3,ocean,3,2,38,1.0,1.0,0.0,0.8046875,
r1-ocean-s3,ocean,3,2,39,1.0,1.0,0.0,0.8671875,1.0
r1-ocean-s3,ocean,3,2,40,1.0,1.0,0.0,0.859375,
r1-ocean-s3,ocean,3,2,41,1.0,1.0,0.0,0.890625,
r1-ocean-s3,ocean,3,2,42,1.0,1.0,0.0,0.828125,1.0
r1-ocean-s3,ocean,3,2,43,1.0,1.0,0.0,0.8125,
r1-ocean-s3,ocean,3,2,44,1.0,1.0,0.0,0.78125,
r1-ocean-s3,ocean,3,2,45,1.0,1.0,0.0,0.8828125,1.0
r1-ocean-s3,ocean,3,2,46,1.0,1.0,0.0,0.8828125,
r1-ocean-s3,ocean,3,2,47,1.0,1.0,0.0,0.8671875,
r1-ocean-s3,ocean,3,2,48,1.0,1.0,0.0,0.8828125,1.0
r1-ocean-s3,ocean,3,2,49,1.0,1.0,0.0,0.9375,
r1-ocean-s3,ocean,3,2,50,1.0,1.0,0.0,0.9140625,
r1-ocean-s3,ocean,3,2,51,,,,,1.0
r1-midnight-s4,midnight,4,2,1,0.0,0.0,0.0,0.9375,0.03125
r1-midnight-s4,midnight,4,2,2,0.015625,0.0,0.125,0.8359375,
r1-midnight-s4,midnight,4,2,3,0.015625,0.0,0.125,0.8515625,0.0078125
r1-midnight-s4,midnight,4,2,4,0.0,0.0,0.0,0.9453125,
r1-midnight-s4,midnight,4,2,5,0.0,0.0,0.0,0.9453125,
r1-midnight-s4,midnight,4,2,6,0.0234375,0.0,0.1875,0.6796875,0.015625
r1-midnight-s4,midnight,4,2,7,0.0078125,0.0,0.0625,0.890625,
r1-midnight-s4,midnight,4,2,8,0.015625,0.0,0.125,0.828125,
r1-midnight-s4,midnight,4,2,9,0.0,0.0,0.0,0.9140625,0.0
r1-midnight-s4,midnight,4,2,10,0.015625,0.0,0.125,0.7890625,
r1-midnight-s4,midnight,4,2,11,0.0078125,0.0,0.0625,0.8359375,
r1-midnight-s4,midnight,4,2,12,0.0078125,0.0,0.0625,0.765625,0.0
r1-midnight-s4,midnight,4,2,13,0.0234375,0.0,0.1875,0.71875,
r1-midnight-s4,midnight,4,2,14,0.03125,0.0,0.25,0.5859375,
r1-midnight-s4,midnight,4,2,15,0.015625,0.0,0.0625,0.6875,0.0390625
r1-midnight-s4,midnight,4,2,16,0.0234375,0.0,0.1875,0.5703125,
r1-midnight-s4,midnight,4,2,17,0.015625,0.0,0.125,0.671875,
r1-midnight-s4,midnight,4,2,18,0.0546875,0.0,0.3125,0.5859375,0.046875
r1-midnight-s4,midnight,4,2,19,0.0546875,0.0,0.4375,0.46875,
r1-midnight-s4,midnight,4,2,20,0.046875,0.0,0.375,0.5,
r1-midnight-s4,midnight,4,2,21,0.0546875,0.0,0.375,0.3984375,0.0390625
r1-midnight-s4,midnight,4,2,22,0.046875,0.0,0.375,0.4296875,
r1-midnight-s4,midnight,4,2,23,0.046875,0.0,0.375,0.4609375,
r1-midnight-s4,midnight,4,2,24,0.0390625,0.0,0.25,0.578125,0.1015625
r1-midnight-s4,midnight,4,2,25,0.0703125,0.0,0.375,0.46875,
r1-midnight-s4,midnight,4,2,26,0.09375,0.0,0.4375,0.390625,
r1-midnight-s4,midnight,4,2,27,0.109375,0.0,0.6875,0.1640625,0.1015625
r1-midnight-s4,midnight,4,2,28,0.1796875,0.0,0.9375,0.03125,
r1-midnight-s4,midnight,4,2,29,0.1953125,0.0,0.8125,0.15625,
r1-midnight-s4,midnight,4,2,30,0.2109375,0.0,0.5625,0.265625,0.3984375
r1-midnight-s4,midnight,4,2,31,0.453125,0.0625,0.8125,0.1484375,
r1-midnight-s4,midnight,4,2,32,0.59375,0.0,1.0,0.0,
r1-midnight-s4,midnight,4,2,33,0.6953125,0.1875,0.8125,0.171875,0.6171875
r1-midnight-s4,midnight,4,2,34,0.8515625,0.5,0.5,0.4140625,
r1-midnight-s4,midnight,4,2,35,1.0,1.0,0.0,0.921875,
r1-midnight-s4,midnight,4,2,36,1.0,1.0,0.0,0.9375,
r1-midnight-s4,midnight,4,2,37,1.0,1.0,0.0,0.9973958333333334,
r1-midnight-s4,midnight,4,2,38,1.0,1.0,0.0,0.9973958333333334,
r1-midnight-s4,midnight,4,2,39,1.0,1.0,0.0,0.99609375,
r1-ocean-s4,ocean,4,2,1,0.015625,0.0,0.125,0.8515625,0.0234375
r1-ocean-s4,ocean,4,2,2,0.03125,0.0,0.1875,0.765625,
r1-ocean-s4,ocean,4,2,3,0.0,0.0,0.0,0.984375,0.0546875
r1-ocean-s4,ocean,4,2,4,0.015625,0.0,0.125,0.8359375,
r1-ocean-s4,ocean,4,2,5,0.0078125,0.0,0.0625,0.921875,
r1-ocean-s4,ocean,4,2,6,0.046875,0.0,0.3125,0.640625,0.0546875
r1-ocean-s4,ocean,4,2,7,0.0078125,0.0,0.0625,0.875,
r1-ocean-s4,ocean,4,2,8,0.015625,0.0,0.125,0.84375,
r1-ocean-s4,ocean,4,2,9,0.015625,0.0,0.125,0.8046875,0.03125
r1-ocean-s4,ocean,4,2,10,0.0078125,0.0,0.0625,0.8125,
r1-ocean-s4,ocean,4,2,11,0.015625,0.0,0.125,0.7734375,
r1-ocean-s4,ocean,4,2,12,0.03125,0.0,0.25,0.6328125,0.09375
r1-ocean-s4,ocean,4,2,13,0.03125,0.0,0.25,0.65625,
r1-ocean-s4,ocean,4,2,14,0.0390625,0.0,0.25,0.671875,
r1-ocean-s4,ocean,4,2,15,0.0390625,0.0,0.3125,0.6171875,0.0625
r1-ocean-s4,ocean,4,2,16,0.0546875,0.0,0.3125,0.625,
r1-ocean-s4,ocean,4,2,17,0.0546875,0.0,0.25,0.6796875,
r1-ocean-s4,ocean,4,2,18,0.03125,0.0,0.25,0.640625,0.1015625
r1-ocean-s4,ocean,4,2,19,0.015625,0.0,0.125,0.703125,
r1-ocean-s4,ocean,4,2,20,0.0078125,0.0,0.0625,0.8515625,
r1-ocean-s4,ocean,4,2,21,0.0625,0.0,0.375,0.578125,0.1328125
r1-ocean-s4,ocean,4,2,22,0.0390625,0.0,0.1875,0.71875,
r1-ocean-s4,ocean,4,2,23,0.171875,0.0,0.6875,0.2890625,
r1-ocean-s4,ocean,4,2,24,0.046875,0.0,0.25,0.703125,0.09375
r1-ocean-s4,ocean,4,2,25,0.0859375,0.0,0.5,0.4765625,
r1-ocean-s4,ocean,4,2,26,0.171875,0.0,0.4375,0.5078125,
r1-ocean-s4,ocean,4,2,27,0.078125,0.0,0.375,0.5546875,0.203125
r1-ocean-s4,ocean,4,2,28,0.15625,0.0,0.625,0.34375,
r1-ocean-s4,ocean,4,2,29,0.1875,0.0,0.5625,0.40625,
r1-ocean-s4,ocean,4,2,30,0.171875,0.0,0.6875,0.2890625,0.3125
r1-ocean-s4,ocean,4,2,31,0.3125,0.0,0.75,0.21875,
r1-ocean-s4,ocean,4,2,32,0.3671875,0.0625,0.8125,0.1875,
r1-ocean-s4,ocean,4,2,33,0.3125,0.0625,0.8125,0.1875,0.53125
r1-ocean-s4,ocean,4,2,34,0.6796875,0.125,0.875,0.125,
r1-ocean-s4,ocean,4,2,35,0.78125,0.125,0.875,0.1171875,
r1-ocean-s4,ocean,4,2,36,0.7265625,0.25,0.75,0.25,0.8671875
r1-ocean-s4,ocean,4,2,37,0.953125,0.8125,0.1875,0.7578125,
r1-ocean-s4,ocean,4,2,38,0.9765625,0.8125,0.1875,0.7421875,
r1-ocean-s4,ocean,4,2,39,1.0,1.0,0.0,0.9609375,1.0
r1-ocean-s4,ocean,4,2,40,1.0,1.0,0.0,0.9453125,
r1-ocean-s4,ocean,4,2,41,1.0,1.0,0.0,0.9765625,
r1-ocean-s4,ocean,4,2,42,1.0,1.0,0.0,0.9296875,1.0
r1-ocean-s4,ocean,4,2,43,1.0,1.0,0.0,0.96875,
r1-ocean-s4,ocean,4,2,44,1.0,1.0,0.0,0.921875,
r1-ocean-s4,ocean,4,2,45,1.0,1.0,0.0,0.9375,1.0
r1-ocean-s4,ocean,4,2,46,1.0,1.0,0.0,0.953125,
r1-ocean-s4,ocean,4,2,47,1.0,1.0,0.0,0.9609375,
r1-ocean-s4,ocean,4,2,48,0.9926470588235294,0.9411764705882353,0.0,0.9117647058823529,1.0
r1-ocean-s4,ocean,4,2,49,0.9921875,0.9375,0.0,0.90625,
r1-ocean-s4,ocean,4,2,50,1.0,1.0,0.0,0.9296875,
r1-ocean-s4,ocean,4,2,51,,,,,1.0
r1-midnight-s5,midnight,5,2,1,0.015625,0.0,0.125,0.8515625,0.0234375
r1-midnight-s5,midnight,5,2,2,0.015625,0.0,0.125,0.84375,
r1-midnight-s5,midnight,5,2,3,0.0,0.0,0.0,0.9296875,0.0
r1-midnight-s5,midnight,5,2,4,0.0078125,0.0,0.0625,0.859375,
r1-midnight-s5,midnight,5,2,5,0.0078125,0.0,0.0625,0.8203125,
r1-midnight-s5,midnight,5,2,6,0.0078125,0.0,0.0625,0.875,0.015625
r1-midnight-s5,midnight,5,2,7,0.0078125,0.0,0.0625,0.828125,
r1-midnight-s5,midnight,5,2,8,0.0234375,0.0,0.1875,0.71875,
r1-midnight-s5,midnight,5,2,9,0.0390625,0.0,0.3125,0.5625,0.015625
r1-midnight-s5,midnight,5,2,10,0.015625,0.0,0.125,0.7265625,
r1-midnight-s5,midnight,5,2,11,0.0390625,0.0,0.25,0.546875,
r1-midnight-s5,midnight,5,2,12,0.0234375,0.0,0.1875,0.6484375,0.0234375
r1-midnight-s5,midnight,5,2,13,0.0234375,0.0,0.1875,0.65625,
r1-midnight-s5,midnight,5,2,14,0.03125,0.0,0.1875,0.59375,
r1-midnight-s5,midnight,5,2,15,0.046875,0.0,0.375,0.4140625,0.0
r1-midnight-s5,midnight,5,2,16,0.046875,0.0,0.25,0.5546875,
r1-midnight-s5,midnight,5,2,17,0.015625,0.0,0.125,0.546875,
r1-midnight-s5,midnight,5,2,18,0.03125,0.0,0.25,0.4609375,0.0546875
r1-midnight-s5,midnight,5,2,19,0.046875,0.0,0.3125,0.46875,
r1-midnight-s5,midnight,5,2,20,0.09375,0.0,0.5625,0.2265625,
r1-midnight-s5,midnight,5,2,21,0.078125,0.0,0.375,0.375,0.0703125
r1-midnight-s5,midnight,5,2,22,0.1171875,0.0,0.4375,0.3671875,
r1-midnight-s5,midnight,5,2,23,0.0625,0.0,0.25,0.4140625,
r1-midnight-s5,midnight,5,2,24,0.0703125,0.0,0.3125,0.4140625,0.1640625
r1-midnight-s5,midnight,5,2,25,0.28125,0.0,0.6875,0.1484375,
r1-midnight-s5,midnight,5,2,26,0.34375,0.0,0.875,0.0625,
r1-midnight-s5,midnight,5,2,27,0.3125,0.0,0.8125,0.1171875,0.421875
r1-midnight-s5,midnight,5,2,28,0.75,0.3125,0.6875,0.1796875,
r1-midnight-s5,midnight,5,2,29,0.8203125,0.5625,0.4375,0.2578125,
r1-midnight-s5,midnight,5,2,30,0.984375,0.875,0.125,0.3671875,0.8671875
r1-midnight-s5,midnight,5,2,31,1.0,1.0,0.0,0.4453125,
r1-midnight-s5,midnight,5,2,32,0.984375,0.9375,0.0625,0.4453125,
r1-midnight-s5,midnight,5,2,33,0.953125,0.8125,0.1875,0.46875,1.0
r1-midnight-s5,midnight,5,2,34,1.0,1.0,0.0,0.9375,
r1-midnight-s5,midnight,5,2,35,1.0,1.0,0.0,0.96875,
r1-midnight-s5,midnight,5,2,36,1.0,1.0,0.0,0.953125,1.0
r1-midnight-s5,midnight,5,2,37,1.0,1.0,0.0,0.984375,
r1-midnight-s5,midnight,5,2,38,1.0,1.0,0.0,0.984375,
r1-midnight-s5,midnight,5,2,39,1.0,1.0,0.0,0.9921875,1.0
r1-midnight-s5,midnight,5,2,40,1.0,1.0,0.0,0.9921875,
r1-midnight-s5,midnight,5,2,41,0.9921875,0.9375,0.0625,0.890625,
r1-midnight-s5,midnight,5,2,42,1.0,1.0,0.0,0.98828125,1.0
r1-midnight-s5,midnight,5,2,43,1.0,1.0,0.0,0.9765625,
r1-midnight-s5,midnight,5,2,44,1.0,1.0,0.0,0.9609375,
r1-midnight-s5,midnight,5,2,45,1.0,1.0,0.0,0.9921875,1.0
r1-midnight-s5,midnight,5,2,46,0.9810606060606061,0.9090909090909091,0.0,0.9659090909090909,
r1-midnight-s5,midnight,5,2,47,0.984375,0.875,0.0,0.96875,
r1-midnight-s5,midnight,5,2,48,1.0,1.0,0.0,0.984375,1.0
r1-midnight-s5,midnight,5,2,49,1.0,1.0,0.0,0.9947916666666666,
r1-midnight-s5,midnight,5,2,50,1.0,1.0,0.0,0.994140625,
r1-midnight-s5,midnight,5,2,51,,,,,1.0
r1-ocean-s5,ocean,5,2,1,0.015625,0.0,0.0625,0.90625,0.0234375
r1-ocean-s5,ocean,5,2,2,0.0,0.0,0.0,0.9375,
r1-ocean-s5,ocean,5,2,3,0.03125,0.0,0.1875,0.7734375,0.03125
r1-ocean-s5,ocean,5,2,4,0.015625,0.0,0.125,0.8203125,
r1-ocean-s5,ocean,5,2,5,0.046875,0.0,0.25,0.7265625,
r1-ocean-s5,ocean,5,2,6,0.0234375,0.0,0.1875,0.7421875,0.015625
r1-ocean-s5,ocean,5,2,7,0.0234375,0.0,0.125,0.828125,
r1-ocean-s5,ocean,5,2,8,0.0078125,0.0,0.0625,0.8671875,
r1-ocean-s5,ocean,5,2,9,0.0078125,0.0,0.0625,0.8515625,0.0078125
r1-ocean-s5,ocean,5,2,10,0.0546875,0.0,0.375,0.609375,
r1-ocean-s5,ocean,5,2,11,0.015625,0.0,0.125,0.7734375,
r1-ocean-s5,ocean,5,2,12,0.0234375,0.0,0.1875,0.78125,0.0234375
r1-ocean-s5,ocean,5,2,13,0.0078125,0.0,0.0625,0.8671875,
r1-ocean-s5,ocean,5,2,14,0.03125,0.0,0.125,0.71875,
r1-ocean-s5,ocean,5,2,15,0.0078125,0.0,0.0625,0.796875,0.0859375
r1-ocean-s5,ocean,5,2,16,0.0234375,0.0,0.125,0.765625,
r1-ocean-s5,ocean,5,2,17,0.015625,0.0,0.125,0.7578125,
r1-ocean-s5,ocean,5,2,18,0.046875,0.0,0.25,0.6796875,0.0546875
r1-ocean-s5,ocean,5,2,19,0.0390625,0.0,0.25,0.6171875,
r1-ocean-s5,ocean,5,2,20,0.03125,0.0,0.1875,0.6953125,
r1-ocean-s5,ocean,5,2,21,0.03125,0.0,0.125,0.734375,0.09375
r1-ocean-s5,ocean,5,2,22,0.0390625,0.0,0.1875,0.71875,
r1-ocean-s5,ocean,5,2,23,0.0,0.0,0.0,0.8203125,
r1-ocean-s5,ocean,5,2,24,0.03125,0.0,0.125,0.75,0.0703125
r1-ocean-s5,ocean,5,2,25,0.0625,0.0,0.25,0.6171875,
r1-ocean-s5,ocean,5,2,26,0.046875,0.0,0.25,0.6015625,
r1-ocean-s5,ocean,5,2,27,0.046875,0.0,0.125,0.75,0.140625
r1-ocean-s5,ocean,5,2,28,0.051470588235294115,0.0,0.34558823529411764,0.5220588235294118,
r1-ocean-s5,ocean,5,2,29,0.0625,0.0,0.3125,0.5703125,
r1-ocean-s5,ocean,5,2,30,0.03125,0.0,0.25,0.5625,0.1796875
r1-ocean-s5,ocean,5,2,31,0.0703125,0.0,0.375,0.53125,
r1-ocean-s5,ocean,5,2,32,0.09375,0.0,0.4375,0.484375,
r1-ocean-s5,ocean,5,2,33,0.078125,0.0,0.375,0.4375,0.265625
r1-ocean-s5,ocean,5,2,34,0.1640625,0.0,0.6875,0.234375,
r1-ocean-s5,ocean,5,2,35,0.09375,0.0,0.375,0.40625,
r1-ocean-s5,ocean,5,2,36,0.171875,0.0,0.6875,0.21875,0.3125
r1-ocean-s5,ocean,5,2,37,0.21875,0.0,0.8125,0.125,
r1-ocean-s5,ocean,5,2,38,0.265625,0.0,0.8125,0.109375,
r1-ocean-s5,ocean,5,2,39,0.2109375,0.0,0.5625,0.328125,0.5
r1-ocean-s5,ocean,5,2,40,0.6328125,0.375,0.4375,0.3515625,
r1-ocean-s5,ocean,5,2,41,0.7265625,0.1875,0.8125,0.140625,
r1-ocean-s5,ocean,5,2,42,0.7265625,0.1875,0.8125,0.09375,0.953125
r1-ocean-s5,ocean,5,2,43,0.953125,0.6875,0.3125,0.5078125,
r1-ocean-s5,ocean,5,2,44,0.9921875,0.9375,0.0625,0.75,
r1-ocean-s5,ocean,5,2,45,1.0,1.0,0.0,0.7578125,1.0
r1-ocean-s5,ocean,5,2,46,1.0,1.0,0.0,0.9140625,
r1-ocean-s5,ocean,5,2,47,1.0,1.0,0.0,0.921875,
r1-ocean-s5,ocean,5,2,48,1.0,1.0,0.0,0.9296875,1.0
r1-ocean-s5,ocean,5,2,49,1.0,1.0,0.0,0.9375,
r1-ocean-s5,ocean,5,2,50,1.0,1.0,0.0,0.921875,
r1-ocean-s5,ocean,5,2,51,,,,,1.0
