step,proxy_reward,true_reward,policy_entropy,distinct_completions,kl_to_ref,kl_loss_fraction,grad_norm,half_batch_grad_cosine,half_batch_grad_cosine_centered,max_abs_advantage,group_pass_rate,frac_degenerate_groups,tokens
0,0.5275234375,0.515625,0.47767564018384767,97,0.0,0.0,32.73879623413086,0.6594434380531311,,2.6457513110648425,0.515625,0.0,1523
1,0.4598671875,0.4453125,0.43270263016639826,100,0.02508544921875,0.00021253060540907197,54.74858856201172,0.8779662251472473,,2.6457062198771073,0.4453125,0.0,1863
2,0.560625,0.546875,0.4881747159090909,98,0.0653076171875,0.00043688102673165787,30.885530471801758,0.15306535363197327,,2.645746120154135,0.546875,0.0,1760
3,0.6000624999999999,0.5859375,0.3824281370923162,97,0.13616943359375,0.0012155265951607223,54.54627990722656,0.7461467981338501,,2.6457500155575207,0.5859375,0.0,1808
4,0.55575,0.5390625,0.35381554307116103,109,0.42620849609375,0.003747585643575249,40.07415771484375,0.6969526410102844,,2.6453398014619434,0.5390625,0.0,2136
5,0.698265625,0.6796875,0.3005414213624895,103,0.72320556640625,0.0055565139592524265,23.482139587402344,0.45184972882270813,,2.645739754142077,0.6796875,0.0,2378
6,0.7455468749999999,0.7265625,0.24772376543209876,95,0.782470703125,0.007607816185487993,18.917783737182617,0.42782336473464966,,2.6457513110645907,0.7265625,0.0625,2430
7,0.6695078125,0.6484375,0.25447256210604374,99,1.32220458984375,0.010909813539505793,23.863924026489258,0.5733509063720703,,2.6457513110645907,0.6484375,0.0,2697
8,0.7879453125,0.765625,0.24404970248512425,115,1.6630859375,0.012360744293907,28.179733276367188,0.08349668234586716,,2.6454491765377353,0.765625,0.0,2857
9,0.533125,0.5078125,0.2539351851851852,117,2.00469970703125,0.01461640557466015,21.91665267944336,0.4808926582336426,,2.645692286896875,0.5078125,0.0,3240
10,0.823265625,0.796875,0.2289076376554174,106,1.1893310546875,0.00927592086072415,26.748201370239258,0.5888566374778748,,2.64572031361833,0.796875,0.0,3378
11,0.7129609375,0.6875,0.21601718318502608,116,1.93695068359375,0.014808847860787032,13.153555870056152,-0.03949790820479393,,2.6456790942887984,0.6875,0.0,3259
12,0.605375,0.578125,0.24190312410432788,120,2.72705078125,0.017638780050176567,12.936553001403809,-0.05852239578962326,,2.6457245605688318,0.578125,0.0,3488
13,0.7686562499999999,0.7421875,0.21037485242030696,112,4.48565673828125,0.03625726709856392,30.046772003173828,0.6318699717521667,,2.6456761779600666,0.7421875,0.0,3388
14,0.599328125,0.5703125,0.22399057873485867,119,3.45025634765625,0.02523463706041856,14.227829933166504,0.0684056505560875,,2.6456286220086227,0.5703125,0.0,3714
15,0.7475390625,0.71875,0.25502035278154683,123,3.345947265625,0.019654416417640215,15.287769317626953,0.25944191217422485,,2.645667909377277,0.71875,0.0,3685
16,0.5374687499999999,0.5078125,0.23353530031612224,119,2.8258056640625,0.020292613054707666,20.813674926757812,0.11025792360305786,,2.6456530446847886,0.5078125,0.0,3796
17,0.584953125,0.5546875,0.21534589571502324,121,4.8018798828125,0.031878696119431046,12.677578926086426,-0.22145625948905945,,2.6457362829186124,0.5546875,0.0,3874
18,0.741296875,0.7109375,0.19862969634585692,115,3.32769775390625,0.025122036856651275,14.878019332885742,-0.06241927295923233,,2.6457078706127404,0.7109375,0.0,3886
19,0.6799921875,0.6484375,0.20560921248142644,119,3.8553466796875,0.025293143705497005,12.588924407958984,-0.2348560243844986,,2.645746124603791,0.6484375,0.0,4039
20,0.6171015625,0.5859375,0.19786967418546367,113,8.62872314453125,0.05677663584787944,47.43423843383789,0.11348621547222137,,2.6456274000307616,0.5859375,0.0,3989
21,0.7198671875,0.6875,0.1984903381642512,116,3.4569091796875,0.020076206498022702,19.248624801635742,0.2886877954006195,,2.645739479540497,0.6875,0.0,4143
22,0.82871875,0.796875,0.16918077017414765,105,3.49603271484375,0.025330320072290843,15.640551567077637,-0.15810850262641907,,2.6457226796324504,0.796875,0.0,4076
23,0.751484375,0.71875,0.18984244449749343,109,4.1710205078125,0.028105333206285336,13.997706413269043,0.09010939300060272,,2.6456506701133184,0.71875,0.0,4190
24,0.7503828124999999,0.71875,0.17102988392195603,110,4.47119140625,0.033630767175478776,19.062185287475586,0.40484538674354553,,2.6457430921371454,0.71875,0.0,4049
25,0.75828125,0.7265625,0.15921959625800097,102,5.369873046875,0.04863346217681454,15.483306884765625,0.25185495615005493,,2.6457213610775185,0.7265625,0.0,4060
26,0.7424375,0.7109375,0.14705882352941177,101,10.57049560546875,0.09727696724716131,47.96965026855469,0.7091236710548401,,2.6457513110647586,0.7109375,0.0,4032
27,0.735953125,0.703125,0.16387830435818052,108,4.43389892578125,0.03604727902464682,20.595991134643555,0.3724121153354645,,2.6457306089523196,0.703125,0.0,4202
28,0.81478125,0.78125,0.16253202888423013,109,4.8441162109375,0.03445531474619182,14.436448097229004,-0.103042833507061,,2.645717359076667,0.78125,0.0,4292
29,0.673890625,0.640625,0.1642277856135402,110,6.2711181640625,0.04533534375649274,15.738545417785645,0.2863428294658661,,2.6457513110645903,0.640625,0.0,4258
30,0.589328125,0.5546875,0.17384927797833935,114,5.7757568359375,0.04183635884857172,22.832172393798828,0.07114704698324203,,2.645731101696776,0.5546875,0.0,4434
31,0.791828125,0.7578125,0.15373563218390804,105,4.93505859375,0.03647718360195947,19.72195816040039,0.3742733299732208,,2.645739638234897,0.7578125,0.0,4354
32,0.75978125,0.7265625,0.1453727657572907,106,5.5853271484375,0.043647169086872224,15.504683494567871,-0.03674188628792763,,2.6457323547368228,0.7265625,0.0,4252
33,0.6756875,0.640625,0.15498329621380846,107,5.6551513671875,0.041937026793163315,11.825432777404785,-0.013912850990891457,,2.6457087611991636,0.640625,0.0,4488
34,0.721046875,0.6875,0.14443020274994173,116,5.7374267578125,0.04556612003230036,23.09410285949707,0.6679847836494446,,2.6456742239338316,0.6875,0.0,4294
35,0.6513203125,0.6171875,0.15194113605130555,111,19.4727783203125,0.14105601010164093,111.05084991455078,-0.11130420863628387,,2.6457513110644646,0.6171875,0.0,4369
36,0.6909609375,0.65625,0.154062570335359,110,5.36431884765625,0.04423120946419752,10.228514671325684,-0.015532845631241798,,2.6457461201541346,0.65625,0.0,4443
37,0.6358046875,0.6015625,0.1425148334094021,112,7.09552001953125,0.06164580507144962,16.325862884521484,0.4858301281929016,,2.645692817490028,0.6015625,0.0,4383
38,0.8082265625,0.7734375,0.1354494382022472,102,5.81982421875,0.05096289660935487,14.945865631103516,0.39220285415649414,,2.6457362176729258,0.7734375,0.0,4453
39,0.7074921875,0.671875,0.15099363197189283,110,7.53106689453125,0.04780808341510721,15.432580947875977,0.21345877647399902,,2.6457179841990093,0.671875,0.0,4559
40,0.68403125,0.6484375,0.14595676980469607,100,12.88385009765625,0.09557099742202929,77.87682342529297,-0.1999313235282898,,2.6457215404025445,0.6484375,0.0,4556
41,0.6531328125,0.6171875,0.13230343179843615,110,13.69488525390625,0.1096858393360589,56.12045669555664,0.003926237113773823,,2.6457363128399947,0.6171875,0.0,4601
42,0.6999609375,0.6640625,0.12475532840365376,105,5.98309326171875,0.05381177489049163,11.975944519042969,0.025700045749545097,,2.6457513110645907,0.6640625,0.0,4595
43,0.699875,0.6640625,0.14127235063235935,101,6.66888427734375,0.046398015547749395,13.522621154785156,-0.04944746941328049,,2.64571703012235,0.6640625,0.0,4584
44,0.8317578125,0.796875,0.1128076062639821,98,9.3857421875,0.0902619560728982,11.548601150512695,-0.07270846515893936,,2.64574266203722,0.796875,0.0,4465
45,0.86328125,0.828125,0.10680204172214824,101,8.610595703125,0.08981132513896346,14.041557312011719,0.07254984229803085,,2.645746093335548,0.828125,0.0,4500
46,0.73178125,0.6953125,0.1287473233404711,105,7.29815673828125,0.055390457140468176,13.343168258666992,0.17673024535179138,,2.6457513110644646,0.6953125,0.0,4668
47,0.7857421875,0.75,0.11395933537385221,95,7.86181640625,0.08324617963028519,15.54761791229248,0.31537723541259766,,2.64575131106454,0.75,0.0,4575
48,0.7713984375,0.734375,0.13004543533389687,96,8.0166015625,0.051382515904221514,14.989805221557617,0.09824004024267197,,2.6457460512027766,0.734375,0.0,4739
49,0.7556015625,0.71875,0.10777141645462256,89,7.6934814453125,0.07777803487825007,10.931222915649414,0.11293061077594757,,2.64575131106454,0.71875,0.0625,4717
50,0.5065,0.46875,0.1346353087443017,103,7.03851318359375,0.0568660340109369,13.364554405212402,0.24450236558914185,,2.6457513110645903,0.46875,0.0,4832
51,0.7475859375,0.7109375,0.10308233788395904,88,7.66339111328125,0.08881225187073144,9.00609016418457,0.10979446768760681,,2.6457513110645907,0.7109375,0.0,4691
52,0.7473046875,0.7109375,0.09440775343642611,86,11.93438720703125,0.11892659643224164,27.485782623291016,0.05106944590806961,,2.6457513110648425,0.7109375,0.0,4655
53,0.661609375,0.625,0.10662862627986348,101,7.8995361328125,0.0812159042321756,23.41128158569336,0.023459095507860184,,2.6457127353728342,0.625,0.0625,4686
54,0.693109375,0.65625,0.10096357475645913,86,10.68841552734375,0.11058501397791949,17.617536544799805,-0.04592621698975563,,2.64575131106454,0.65625,0.0,4718
55,0.7785,0.7421875,0.09177249246663796,81,7.01708984375,0.08305628159726286,10.110819816589355,-0.0018308751750737429,,2.6457513110644646,0.7421875,0.0,4648
56,0.7487265625,0.7109375,0.1081989247311828,79,8.095947265625,0.09354815589748978,8.968667030334473,0.11700121313333511,,2.6457513110648425,0.7109375,0.0,4837
57,0.685203125,0.6484375,0.10006903143585387,94,8.2159423828125,0.09128747484440407,15.083523750305176,0.2465955764055252,,2.6457513110648425,0.6484375,0.0,4706
58,0.708265625,0.671875,0.0966652369719065,86,10.097412109375,0.09968228666234392,19.05352210998535,0.376578152179718,,2.6457513110648425,0.671875,0.0625,4658
59,0.7409453125000001,0.703125,0.11767134599504542,81,7.05523681640625,0.07029483887725473,12.078632354736328,0.05304940417408943,,2.6457513110648425,0.703125,0.0625,4841
60,0.85646875,0.8203125,0.0829820579334198,74,8.88677978515625,0.10459987075072118,12.741446495056152,0.024055616930127144,,2.6457513110648425,0.8203125,0.0,4628
61,0.63065625,0.59375,0.10418429961912823,86,7.278564453125,0.07128424407016942,10.91682243347168,-0.09195203334093094,,2.6457513110645907,0.59375,0.0,4724
62,0.747703125,0.7109375,0.10056311092222694,90,7.464599609375,0.07085631933141298,10.774409294128418,-0.11385007202625275,,2.6457513110648425,0.7109375,0.0,4706
63,0.623625,0.5859375,0.11134997927890593,86,9.688232421875,0.07314983660966554,18.17054557800293,0.3655906915664673,,2.6457513110645907,0.5859375,0.0,4824
64,0.7863203125,0.75,0.10722353700516352,87,10.60595703125,0.08519295185307343,14.431396484375,-0.025612127035856247,,2.6457513110647586,0.75,0.0,4649
65,0.6302578125,0.59375,0.10980958493795465,97,9.2647705078125,0.09095348545974971,8.80048942565918,-0.08419424295425415,,2.6457513110644646,0.59375,0.0,4673
66,0.71709375,0.6796875,0.10432330827067669,82,8.187744140625,0.08874526693811613,13.193603515625,0.4228643774986267,,2.6457513110648425,0.6796875,0.0,4788
67,0.9181875,0.8828125,0.09065054119726088,83,9.224365234375,0.11549447039712447,9.619455337524414,-0.3072492778301239,,2.6457513110647586,0.8828125,0.0,4528
68,0.856921875,0.8203125,0.1042910447761194,84,9.56964111328125,0.1038558098046796,10.825998306274414,-0.04294769838452339,,2.6457513110645903,0.8203125,0.0625,4686
69,0.8801171875,0.84375,0.10780579399141631,90,8.9207763671875,0.09429936991758289,9.873506546020508,0.048975925892591476,,2.645746124603791,0.84375,0.0,4655
70,0.8799296875,0.84375,0.09800215982721382,83,8.068359375,0.0883025004579884,12.215157508850098,0.1859975904226303,,2.6457513110645907,0.84375,0.0,4631
71,0.8084140625,0.7734375,0.1038083538083538,88,10.1773681640625,0.120356824138492,10.591630935668945,0.02632763423025608,,2.645659701524471,0.7734375,0.125,4477
72,0.6687109375,0.6328125,0.11209712543554007,92,11.5699462890625,0.10961224988970081,20.387868881225586,0.03705744817852974,,2.6457513110648425,0.6328125,0.0,4595
73,0.84840625,0.8125,0.10480182926829268,88,10.3663330078125,0.10600705555903607,9.119735717773438,-0.24370282888412476,,2.6457513110645907,0.8125,0.0,4596
74,0.8018046875,0.765625,0.11330488331892827,90,8.0638427734375,0.0876606786357617,14.850910186767578,0.4590505361557007,,2.6457513110647586,0.765625,0.0,4631
75,0.745609375,0.7109375,0.11857674104124408,93,11.8751220703125,0.11132025083989254,14.496761322021484,-0.09904781728982925,,2.6457513110648425,0.7109375,0.0,4438
76,0.7292265625,0.6953125,0.12045035706058511,104,11.736572265625,0.10871796930356405,22.097726821899414,-0.10000095516443253,,2.5649458802129015,0.6953125,0.0,4341
77,0.7554453125,0.71875,0.11967858663260962,93,7.40478515625,0.0680121804702536,13.00809097290039,0.095027856528759,,2.6457513110646325,0.71875,0.0,4697
78,0.5907421875,0.5546875,0.11638491547464239,104,9.510009765625,0.0850258755067122,16.958663940429688,0.641082763671875,,2.6457513110645907,0.5546875,0.0,4615
79,0.731296875,0.6953125,0.13792354474370114,101,9.09326171875,0.0707884500516924,9.91650104522705,-0.16164205968379974,,2.645703515204294,0.6953125,0.0,4606
80,0.7779375,0.7421875,0.12057570461000655,100,9.3350830078125,0.09548686346246639,15.792790412902832,0.10543753206729889,,2.6457513110648425,0.7421875,0.0,4576
81,0.7539453125,0.71875,0.13376803551609323,97,9.400390625,0.07372856274516539,14.214673042297363,0.029448656365275383,,2.6456711045766563,0.71875,0.0,4505
82,0.8948203124999999,0.859375,0.13870239929561964,95,8.815673828125,0.07614700458758342,9.37679672241211,-0.4494578242301941,,2.6457513110644646,0.859375,0.0625,4537
83,0.708265625,0.671875,0.14503652771809197,99,9.64019775390625,0.06779006304417921,13.074450492858887,-0.02215183712542057,,2.6457364893655475,0.671875,0.0,4658
84,0.8412421875,0.8046875,0.13352029914529914,104,9.25531005859375,0.06907817395581012,14.913322448730469,0.030778169631958008,,2.6457357525352396,0.8046875,0.0,4679
85,0.9108125,0.875,0.14070338058887677,102,10.39508056640625,0.08964768661287295,18.172048568725586,0.36947569251060486,,2.6457129019156795,0.875,0.0,4584
86,0.911078125,0.875,0.1409366869037294,108,8.120849609375,0.058821273440428,15.636564254760742,0.34426283836364746,,2.6457490357591684,0.875,0.0,4618
87,0.6391796875,0.6015625,0.1560035284350353,111,8.64569091796875,0.06197046984681065,13.514551162719727,-0.020861268043518066,,2.645742629328482,0.6015625,0.0,4815
88,0.7704453124999999,0.734375,0.14718790637191156,116,10.1156005859375,0.07623712425585441,12.519594192504883,0.17893990874290466,,2.645743245064939,0.734375,0.0,4617
89,0.7314609375,0.6953125,0.13551124081279722,102,10.8519287109375,0.08260629029817002,11.45350170135498,-0.2525312304496765,,2.6457487163474736,0.6953125,0.0,4627
90,0.8031328125,0.765625,0.1428831736776343,116,9.0736083984375,0.07563200761397416,10.97028923034668,-0.2712971270084381,,2.645733205185981,0.765625,0.0,4801
91,0.7786562499999999,0.7421875,0.1604309605488851,116,12.817626953125,0.07709077086411648,18.539060592651367,-0.05014803260564804,,2.645720224267474,0.7421875,0.0,4668
92,0.748890625,0.7109375,0.16680395387149918,115,9.87237548828125,0.05955085674607689,11.556690216064453,-0.4084666967391968,,2.645748722271474,0.7109375,0.0,4858
93,0.780046875,0.7421875,0.14786333608587943,118,10.67010498046875,0.07257334474191289,20.057640075683594,0.3773704469203949,,2.6457394308156705,0.7421875,0.0,4846
94,0.6777890624999999,0.640625,0.15875682486350273,108,10.9736328125,0.07092408970126929,12.993459701538086,-0.02756938338279724,,2.6457469927150914,0.640625,0.0,4757
95,0.7873984374999999,0.75,0.1433347262849979,112,10.05859375,0.08347486937265634,11.08022689819336,-0.2743074297904968,,2.6457500051324523,0.75,0.0,4787
96,0.755546875,0.71875,0.15890280135823429,116,10.533203125,0.07504922392778922,15.780315399169922,0.3750009536743164,,2.645727573967882,0.71875,0.0,4710
97,0.748375,0.7109375,0.1406054279749478,115,11.164306640625,0.08624056443260358,12.24731159210205,-0.17004279792308807,,2.645739192058663,0.7109375,0.0,4792
98,0.8648515625,0.828125,0.1386793455163621,113,11.0577392578125,0.09125897605660807,14.406089782714844,0.3268023729324341,,2.64574566823564,0.828125,0.0,4701
99,0.9046093749999999,0.8671875,0.1412839248434238,115,10.2093505859375,0.07940166311167164,15.664823532104492,0.17441131174564362,,2.6457487215320845,0.8671875,0.0,4790
100,0.623109375,0.5859375,0.16277847835224885,118,11.8544921875,0.07685869220735016,16.53839111328125,0.26870471239089966,,2.6457188683755,0.5859375,0.0,4758
101,0.747875,0.7109375,0.15227272727272728,118,11.64404296875,0.0898209508005702,15.61485767364502,0.28867611289024353,,2.6457370931033446,0.7109375,0.0,4728
102,0.57721875,0.5390625,0.15244776730848014,119,10.6064453125,0.0653461880293542,12.91861343383789,0.06363919377326965,,2.6457381096881156,0.5390625,0.0,4884
103,0.80334375,0.765625,0.13831882255389719,101,10.6534423828125,0.09081142163843063,10.248093605041504,-0.09267115592956543,,2.645737372359481,0.765625,0.0,4828
104,0.8029999999999999,0.765625,0.13845068951107398,109,11.587646484375,0.08868058137601291,15.436055183410645,0.2197972983121872,,2.6457450014326622,0.765625,0.0,4784
105,0.7566171875,0.71875,0.14201503294892917,105,12.304443359375,0.09398487214470415,11.47974967956543,0.18174216151237488,,2.6457161227182104,0.71875,0.0,4847
106,0.71,0.671875,0.14557739557739557,105,11.480224609375,0.08695289377415534,20.645984649658203,0.6097697615623474,,2.6457513110648425,0.671875,0.0,4880
107,0.826546875,0.7890625,0.14268229166666666,108,12.552001953125,0.09152703857221879,12.849471092224121,0.006211782339960337,,2.645750027684736,0.7890625,0.0,4798
108,0.654265625,0.6171875,0.1467551622418879,114,13.687255859375,0.09301158937916666,11.612663269042969,0.05534730106592178,,2.645711447511352,0.6171875,0.0,4746
109,0.8180859375,0.78125,0.13955770046669494,105,13.62457275390625,0.10790397525060574,14.65099811553955,0.021299777552485466,,2.6457513110646325,0.78125,0.0,4715
110,0.64809375,0.609375,0.13471437222446508,98,12.2626953125,0.09616755225836654,12.81214714050293,0.015311863273382187,,2.6457456795317484,0.609375,0.0,4956
111,0.80334375,0.765625,0.1396921641791045,110,13.6640625,0.10212548447887093,14.046870231628418,0.020180022343993187,,2.645725052041711,0.765625,0.0,4828
112,0.7866328125,0.75,0.13120869750586228,105,13.032958984375,0.11750317582471705,14.060088157653809,0.10710487514734268,,2.6457487163474736,0.75,0.0,4689
113,0.6703359375,0.6328125,0.1447067387687188,112,13.72412109375,0.10574874098248999,12.25987434387207,0.15644843876361847,,2.645727669158557,0.6328125,0.0,4803
114,0.74196875,0.703125,0.1422145154804986,110,12.7056884765625,0.10170845481761785,9.659954071044922,0.03697782754898071,,2.64575131106454,0.703125,0.0,4972
115,0.936296875,0.8984375,0.12938868236266005,105,13.15228271484375,0.09688471557590507,17.88149642944336,0.22262689471244812,,2.6457513110644646,0.8984375,0.0,4846
116,0.733640625,0.6953125,0.14060587515299877,101,13.943603515625,0.11374106496950252,12.155139923095703,-0.1391831934452057,,2.6457513110648425,0.6953125,0.0,4906
117,0.9439140625,0.90625,0.13297762121840034,101,13.8331298828125,0.11562718603208473,17.94011688232422,0.27303171157836914,,2.6457095433682483,0.90625,0.0,4821
118,0.8114140625,0.7734375,0.132690329218107,108,13.5780029296875,0.10122767484507957,13.243791580200195,0.12999370694160461,,2.645746130527772,0.7734375,0.0,4861
119,0.7024296875,0.6640625,0.1579938900203666,115,13.302978515625,0.08378553339104682,13.825689315795898,-0.054657407104969025,,2.6456003168172644,0.6640625,0.0,4911
120,0.7660703125,0.7265625,0.1544204905063291,112,13.38427734375,0.0848445729606771,12.980098724365234,-0.22344665229320526,,2.6457290002411282,0.7265625,0.0,5057
121,0.7726484375,0.734375,0.16976316864026134,104,14.0535888671875,0.08354802807854393,16.711156845092773,0.147699773311615,,2.6457318007069532,0.734375,0.0,4899
122,0.65559375,0.6171875,0.14504477004477004,110,14.0267333984375,0.09726798575690664,15.101558685302734,-0.023043453693389893,,2.499999999999962,0.6171875,0.0,4916
123,0.7804609375,0.7421875,0.15346938775510205,112,13.797607421875,0.096378061984143,17.30679702758789,0.16956564784049988,,2.645733478839841,0.7421875,0.0,4899
124,0.72546875,0.6875,0.15829559489501852,114,13.873779296875,0.08807623906190482,13.950071334838867,0.1540757119655609,,2.6457303863854023,0.6875,0.0,4860
125,0.7972890625,0.7578125,0.15090981012658228,109,12.3277587890625,0.08357952149029416,12.956114768981934,0.0763293132185936,,2.6457470160590812,0.7578125,0.0,5053
126,0.7260156249999999,0.6875,0.15210782326712607,109,13.117431640625,0.09302563646965424,16.85125732421875,0.08429588377475739,,2.6457097014012367,0.6875,0.0,4930
127,0.7021171875,0.6640625,0.16533251231527094,111,14.72607421875,0.09765563852211213,12.254199028015137,0.13736356794834137,,2.6457456325114594,0.6640625,0.0,4871
128,0.78915625,0.75,0.1658682634730539,118,14.1728515625,0.0870959404028489,11.942145347595215,-0.01370246335864067,,2.6456734506157105,0.75,0.0,5012
129,0.8195390625,0.78125,0.16454081632653061,114,12.958251953125,0.08975350238298353,15.595170974731445,0.1573537290096283,,2.6457236397577426,0.78125,0.0,4901
130,0.7876171875,0.75,0.16896945771867858,118,12.886474609375,0.08701201478114604,15.681146621704102,-0.12061506509780884,,2.645609530030318,0.75,0.0,4815
131,0.7031171875,0.6640625,0.1650490294176506,115,13.2138671875,0.08182245210829694,15.462236404418945,0.04952186346054077,,2.645668188883657,0.6640625,0.0,4999
132,0.6475,0.609375,0.17109310910582445,120,11.911376953125,0.07071134412507207,13.449914932250977,0.09654031693935394,,2.6457149098776713,0.609375,0.0,4880
133,0.7878671875,0.75,0.16290222772277227,120,12.94287109375,0.08097227751665757,14.55933666229248,0.08408741652965546,,2.6456777226713895,0.75,0.0,4847
134,0.7800703125,0.7421875,0.18469072164948452,123,13.72918701171875,0.08332858501712948,18.323152542114258,0.45287585258483887,,2.645549089489051,0.7421875,0.0,4849
135,0.7812578125,0.7421875,0.1791649979975971,125,12.3004150390625,0.07543061451593924,13.13280963897705,0.11728787422180176,,2.645701750475714,0.7421875,0.0,5001
136,0.6560078125,0.6171875,0.19867149758454106,127,13.56005859375,0.06783828483045944,17.006641387939453,-0.08689343929290771,,2.644215184891625,0.6171875,0.0,4969
137,0.7345703124999999,0.6953125,0.18274970155192996,123,11.090087890625,0.06345270730387106,16.86871910095215,0.2139069139957428,,2.6457000235268455,0.6953125,0.0,5025
138,0.7882578124999999,0.75,0.18425623212096445,122,13.71484375,0.07650968811791134,17.29269027709961,0.2667376697063446,,2.645670323681821,0.75,0.0,4897
139,0.81146875,0.7734375,0.1817108235777367,120,13.1109619140625,0.08668037293422404,15.074153900146484,0.1248006597161293,,2.6457186070854717,0.7734375,0.0,4868
140,0.734765625,0.6953125,0.1831222793826672,122,12.6441650390625,0.07284818863264855,13.305444717407227,-0.07982392609119415,,2.6456862782176063,0.6953125,0.0,5050
141,0.78965625,0.75,0.1758074044899567,118,14.48388671875,0.08222705077105619,16.51858139038086,0.04955633729696274,,2.6457001143798,0.75,0.0,5076
142,0.828453125,0.7890625,0.16853209191759114,124,15.16693115234375,0.09270770230901854,15.005901336669922,0.09524901211261749,,2.645687144359583,0.7890625,0.0,5042
143,0.821,0.78125,0.17489186000786472,122,14.0810546875,0.08791892240022499,13.146504402160645,0.10870647430419922,,2.6456796435337364,0.78125,0.0,5088
144,0.7337578124999999,0.6953125,0.19155151391993497,115,13.6943359375,0.07061205924800176,13.868376731872559,-0.1287723332643509,,2.6447439973636286,0.6953125,0.0,4921
145,0.8433359375,0.8046875,0.1701810275080906,121,14.30230712890625,0.09337568922295778,16.36334800720215,0.14615778625011444,,2.645718379344926,0.8046875,0.0,4947
146,0.7429921875,0.703125,0.18181818181818182,120,15.592041015625,0.08697924513686905,15.29694652557373,0.011131031438708305,,2.6457067075884275,0.703125,0.0,5103
147,0.8069609375,0.765625,0.17531179138321995,118,14.362548828125,0.08963638784204879,10.518421173095703,-0.22085461020469666,,2.6457207697810103,0.765625,0.0,5291
148,0.8595937499999999,0.8203125,0.1657543789808917,121,15.52056884765625,0.0946942046445923,17.937660217285156,0.02965528704226017,,2.6456487013927457,0.8203125,0.0,5028
149,0.5637265625,0.5234375,0.1790907328421869,119,15.65478515625,0.08816670164281327,21.67453384399414,-0.28608253598213196,,2.645688714949031,0.5234375,0.0,5157
150,0.524375,0.484375,0.1875488663017983,126,14.157470703125,0.07658734369513974,21.823822021484375,0.3188023865222931,,2.6457226796324504,0.484375,0.0,5120
151,0.96028125,0.921875,0.16825945506303375,122,15.83013916015625,0.11385086750538956,14.350739479064941,0.18289399147033691,,2.6456668176749973,0.921875,0.0,4916
152,0.7435625,0.703125,0.18199381761978362,122,13.27294921875,0.06994302258032009,14.845786094665527,0.15846015512943268,,2.6456984153917196,0.703125,0.0,5176
153,0.8685859375,0.828125,0.17434337582078022,123,12.77423095703125,0.07672472352697716,21.317676544189453,0.2008427232503891,,2.6456880844657764,0.828125,0.0,5179
154,0.82971875,0.7890625,0.1723342939481268,123,13.20703125,0.07849145961381088,15.37109088897705,0.3039739429950714,,2.6456850345338108,0.7890625,0.0,5204
155,0.7279765625,0.6875,0.1823841698841699,120,13.53436279296875,0.08048956466353228,12.658960342407227,0.06994660943746567,,2.645667967949133,0.6875,0.0,5181
156,0.845453125,0.8046875,0.1709467228823304,123,15.182861328125,0.08802601685511593,13.872971534729004,0.20340223610401154,,2.6455949707072155,0.8046875,0.0,5218
157,0.8391093749999999,0.796875,0.1748242042931162,118,11.6513671875,0.061289667249369496,16.05226707458496,0.19272489845752716,,2.5924756956543167,0.796875,0.0,5406
158,0.91459375,0.875,0.16208086785009862,122,15.52880859375,0.09360709845735779,16.46772575378418,0.2758835256099701,,2.5018511664883674,0.875,0.0,5068
159,0.790828125,0.75,0.17117590822179732,118,13.34197998046875,0.08756404844774053,10.638870239257812,-0.18982848525047302,,2.645688517817163,0.75,0.0,5226
160,0.8136796875,0.7734375,0.17454386645962733,122,15.35546875,0.08840363358176036,16.523757934570312,0.16509412229061127,,2.6457409531123512,0.7734375,0.0,5151
161,0.73521875,0.6953125,0.18333985904463587,121,12.73504638671875,0.0830736588884109,15.870853424072266,0.28692591190338135,,2.6457339883428674,0.6953125,0.0,5108
162,0.721296875,0.6796875,0.1734128474830954,119,13.720947265625,0.07138112963231831,12.616930961608887,-0.3530592620372772,,2.64574223996389,0.6796875,0.0,5326
163,0.6208515625,0.578125,0.173308957952468,121,13.12261962890625,0.07459579243522384,15.152803421020508,0.16562490165233612,,2.6457245529286775,0.578125,0.0,5469
164,0.907921875,0.8671875,0.15845814132104455,112,13.726806640625,0.09504163882381218,15.063573837280273,0.21313057839870453,,2.6457513110646325,0.8671875,0.0,5214
165,0.7923203125,0.75,0.1736444116562154,122,14.54254150390625,0.07367260925499303,15.236456871032715,0.09834204614162445,,2.645741865938833,0.75,0.0,5417
166,0.9158203125,0.875,0.14939724454649828,111,16.580322265625,0.10523492439213017,16.24269676208496,-0.17963065207004547,,2.6457349014489835,0.875,0.0,5225
167,0.7446015625,0.703125,0.16980776479457219,115,16.51715087890625,0.09856417122427513,17.109622955322266,0.263947069644928,,2.645694683225514,0.703125,0.0,5309
168,0.837234375,0.796875,0.15199303405572756,114,16.47845458984375,0.11056188991652512,11.854076385498047,-0.31754663586616516,,2.6457513110644646,0.796875,0.0,5166
169,0.884765625,0.84375,0.15502474305291206,115,15.6044921875,0.09157281623642366,12.507366180419922,-0.15060651302337646,,2.6457118401490596,0.84375,0.0,5250
170,0.91634375,0.875,0.14596713260294672,113,14.5966796875,0.10703147018903103,11.426137924194336,-0.0709158331155777,,2.645747001337601,0.875,0.0,5292
171,0.8298125,0.7890625,0.1565976217874952,120,15.73876953125,0.09378935240395138,16.55568504333496,-0.07590141892433167,,2.6457105332450856,0.7890625,0.0,5216
172,0.8538828125,0.8125,0.1466200906344411,110,14.923828125,0.11233927829346403,14.954355239868164,0.10464628785848618,,2.6457330961705225,0.8125,0.0,5297
173,0.776203125,0.734375,0.16065420560747665,115,16.388916015625,0.10014657218546683,14.713055610656738,0.17169401049613953,,2.64571231310964,0.734375,0.0,5354
174,0.7522890624999999,0.7109375,0.1463449187759728,113,15.990478515625,0.10198994613360594,13.197220802307129,-0.22400371730327606,,2.645737036134356,0.7109375,0.0,5293
175,0.8772187499999999,0.8359375,0.1547123391370174,120,16.20147705078125,0.10187634762864135,12.584298133850098,-0.04458768665790558,,2.6457036743985727,0.8359375,0.0,5284
176,0.737578125,0.6953125,0.15505919348871625,114,14.6171875,0.0883805002550062,18.710468292236328,0.38554146885871887,,2.6456900372909247,0.6953125,0.0,5410
177,0.8395234375,0.796875,0.13996704503844745,117,13.713134765625,0.09733076413894444,13.863120079040527,-0.005781309679150581,,2.6457469840666783,0.796875,0.0,5459
178,0.8692265625,0.828125,0.1455563995442461,112,16.729248046875,0.12071588680210056,16.049564361572266,0.1791095733642578,,2.645703769648902,0.828125,0.0,5261
179,0.76046875,0.71875,0.15069262448521153,109,16.44708251953125,0.10200565429959764,12.87658977508545,-0.14287005364894867,,2.645402625943506,0.71875,0.0,5340
180,0.8227109375,0.78125,0.14905838041431263,113,20.02978515625,0.1202400235154089,26.90351676940918,0.42549824714660645,,2.645572209785388,0.78125,0.0,5307
181,0.77653125,0.734375,0.14206231454005935,109,16.486083984375,0.11223626842289132,15.255749702453613,0.12388358265161514,,2.6457349901549336,0.734375,0.0,5396
182,0.8003828125,0.7578125,0.14547374219610723,111,17.00927734375,0.11426995703292982,19.301040649414062,0.2938735783100128,,2.6457513110647586,0.7578125,0.0,5449
183,0.7920546875,0.75,0.1484113712374582,109,15.90966796875,0.11115521118409122,13.193626403808594,-0.1954868584871292,,2.645715027221591,0.75,0.0,5383
184,0.816921875,0.7734375,0.15113146551724138,114,14.646240234375,0.09440253091814775,12.916234970092773,-0.10056950896978378,,2.6457487215320845,0.7734375,0.0,5566
185,0.9166484375,0.875,0.13855534709193246,112,17.761962890625,0.10883621530936097,16.78742218017578,-0.09522010385990143,,2.6456172694379347,0.875,0.0,5331
186,0.8388359375,0.796875,0.1454452309985097,114,16.236572265625,0.09720772615426637,24.058897018432617,0.19934727251529694,,2.64566304361118,0.796875,0.0,5371
187,0.8389921874999999,0.796875,0.14400964391691395,118,17.809326171875,0.12188237908482535,15.409421920776367,0.08352939784526825,,2.6457101408665986,0.796875,0.0,5391
188,0.8158203125,0.7734375,0.15848378776713337,120,15.524658203125,0.09428931085258824,14.80059814453125,-0.06800507009029388,,2.6457184546052503,0.7734375,0.0,5425
189,0.73015625,0.6875,0.14932209600586296,114,17.904052734375,0.1140972358627986,18.62879753112793,0.2417973130941391,,2.6456725684611744,0.6875,0.0,5460
190,0.901359375,0.859375,0.1510048381094157,112,13.873046875,0.08607203651896672,14.244657516479492,-0.1021028533577919,,2.6457409470613156,0.859375,0.0,5374
191,0.8934296875,0.8515625,0.14558439133681852,111,16.49169921875,0.09913027128290144,14.820561408996582,0.09559609740972519,,2.6457216785813022,0.8515625,0.0,5359
192,0.777765625,0.734375,0.14544308357348704,110,15.83203125,0.1036153081160022,21.610280990600586,0.46515917778015137,,2.645748727438349,0.734375,0.0,5554
193,0.9021171875,0.859375,0.1433461117196057,117,17.225830078125,0.11744132313528903,13.958433151245117,0.12666097283363342,,2.645676239149342,0.859375,0.0,5471
194,0.9712109375,0.9296875,0.15331075996990218,116,18.303955078125,0.09444678853062907,15.398417472839355,0.20554426312446594,,2.645706259808719,0.9296875,0.0,5315
195,0.8780546874999999,0.8359375,0.1443805637982196,117,18.777587890625,0.12168174428746685,14.128939628601074,0.04160403087735176,,2.6457066955192854,0.8359375,0.0,5391
196,0.92634375,0.8828125,0.13666128453534265,112,17.902587890625,0.12081631207214724,19.04217529296875,0.38310757279396057,,2.645704201461786,0.8828125,0.0,5572
197,0.807421875,0.765625,0.1396728971962617,115,17.0638427734375,0.11171597368316685,17.78824806213379,0.29706522822380066,,2.6457215524591344,0.765625,0.0,5350
198,0.9486249999999999,0.90625,0.14237007003317362,115,17.453125,0.10774877660117631,16.575210571289062,0.31494981050491333,,2.6457301453080904,0.90625,0.0,5424
199,0.8552890625,0.8125,0.14636596055514975,116,17.66259765625,0.0984342342854101,20.61897850036621,0.32360386848449707,,2.645748752315906,0.8125,0.0,5477
